"Player","pass_Tm","year","pass_Age","pass_Pos","pass_G","pass_GS","pass_Cmp","pass_Att","pass_Yds","pass_IAY","pass_IAY/PA","pass_CAY","pass_CAY/Cmp","pass_CAY/PA","pass_YAC","pass_YAC/Cmp"
Ben Roethlisberger,PIT,2018,36,QB,16,16,452,675,5129,5254,7.8,2327,5.1,3.4,2802,6.2
Patrick Mahomes,KAN,2018,23,QB,16,16,383,580,5097,5260,9.1,2489,6.5,4.3,2608,6.8
Matt Ryan,ATL,2018,33,QB,16,16,422,608,4924,5210,8.6,2791,6.6,4.6,2133,5.1
Jared Goff,LAR,2018,24,QB,16,16,364,561,4688,4865,8.7,2562,7.0,4.6,2126,5.8
Andrew Luck,IND,2018,29,QB,16,16,430,639,4593,4771,7.5,2621,6.1,4.1,1972,4.6
Aaron Rodgers,GNB,2018,35,QB,16,16,372,597,4442,5237,8.8,2308,6.2,3.9,2134,5.7
Tom Brady,NWE,2018,41,QB,16,16,375,570,4355,4487,7.9,2234,6.0,3.9,2121,5.7
Philip Rivers,LAC,2018,37,QB,16,16,347,508,4308,3947,7.8,2192,6.3,4.3,2116,6.1
Eli Manning,NYG,2018,37,QB,16,16,380,576,4299,4239,7.4,2147,5.7,3.7,2152,5.7
Kirk Cousins,MIN,2018,30,QB,16,16,425,606,4298,4390,7.2,2345,5.5,3.9,1953,4.6
Deshaun Watson,HOU,2018,23,QB,16,16,345,505,4165,4270,8.5,2412,7.0,4.8,1753,5.1
Derek Carr,OAK,2018,27,QB,16,16,381,553,4049,3784,6.8,2066,5.4,3.7,1983,5.2
Drew Brees,NOR,2018,39,QB,15,15,364,489,3992,3495,7.1,2165,5.9,4.4,1827,5.0
Case Keenum,DEN,2018,30,QB,16,16,365,586,3890,4345,7.4,2089,5.7,3.6,1801,4.9
Dak Prescott,DAL,2018,25,QB,16,16,356,526,3885,3967,7.5,1993,5.6,3.8,1892,5.3
Matthew Stafford,DET,2018,30,QB,16,16,367,555,3777,3840,6.9,1759,4.8,3.2,2018,5.5
Baker Mayfield,CLE,2018,23,QB,14,13,310,486,3725,4514,9.3,2029,6.5,4.2,1696,5.5
Russell Wilson,SEA,2018,30,QB,16,16,280,427,3448,3843,9.0,2063,7.4,4.8,1385,4.9
Cam Newton,CAR,2018,29,QB,14,14,320,471,3395,3384,7.2,1652,5.2,3.5,1743,5.4
Mitchell Trubisky,CHI,2018,24,QB,14,14,289,434,3223,3836,8.8,1809,6.3,4.2,1414,4.9
Carson Wentz,PHI,2018,26,QB,11,11,279,401,3074,3074,7.7,1677,6.0,4.2,1397,5.0
Jameis Winston,TAM,2018,24,QB,11,9,244,378,2992,4079,10.8,2082,8.5,5.5,910,3.7
Sam Darnold,NYJ,2018,21,QB,13,13,239,414,2865,3843,9.3,1605,6.7,3.9,1260,5.3
Blake Bortles,JAX,2018,26,QB,13,12,243,403,2718,2844,7.1,1213,5.0,3.0,1505,6.2
Andy Dalton,CIN,2018,31,QB,11,11,226,365,2566,2947,8.1,1424,6.3,3.9,1142,5.1
Marcus Mariota,TEN,2018,25,QB,14,13,228,331,2528,2525,7.6,1271,5.6,3.8,1257,5.5
Joe Flacco,BAL,2018,33,QB,9,9,232,379,2465,3237,8.5,1450,6.3,3.8,1015,4.4
Ryan Fitzpatrick,TAM,2018,36,QB,8,7,164,246,2366,2546,10.3,1492,9.1,6.1,874,5.3
Josh Rosen,ARI,2018,21,QB,14,13,217,393,2278,3262,8.3,1301,6.0,3.3,977,4.5
Nick Mullens,SFO,2018,23,QB,8,8,176,274,2277,1815,6.6,1057,6.0,3.9,1220,6.9
Alex Smith,WAS,2018,34,QB,10,10,205,328,2180,2650,8.1,1205,5.9,3.7,975,4.8
Josh Allen,BUF,2018,22,QB,12,11,169,320,2074,3508,11.0,1126,6.7,3.5,948,5.6
Ryan Tannehill,MIA,2018,30,QB,11,11,176,274,1979,2233,8.1,908,5.2,3.3,1071,6.1
Nick Foles,PHI,2018,29,QB,5,5,141,195,1413,1288,6.6,706,5.0,3.6,707,5.0
CJ Beathard,SFO,2018,25,QB,6,5,102,169,1252,1115,6.6,524,5.1,3.1,728,7.1
Brock Osweiler,MIA,2018,28,QB,7,5,113,178,1247,1424,8.0,578,5.1,3.2,669,5.9
Lamar Jackson,BAL,2018,21,QB,16,7,99,170,1201,1479,8.7,685,6.9,4.0,516,5.2
Jeff Driskel,CIN,2018,25,QB,9,5,105,176,1003,1297,7.4,495,4.7,2.8,508,4.8
Jimmy Garoppolo,SFO,2018,27,QB,3,3,53,89,718,792,8.9,350,6.6,3.9,368,6.9
Cody Kessler,JAX,2018,25,QB,5,4,85,131,709,880,6.7,364,4.3,2.8,345,4.1
Blaine Gabbert,TEN,2018,29,QB,8,3,61,101,626,710,7.0,325,5.3,3.2,301,4.9
Josh Johnson,WAS,2018,32,QB,4,3,52,91,590,825,9.1,274,5.3,3.0,316,6.1
Josh McCown,NYJ,2018,39,QB,4,3,60,110,539,805,7.3,231,3.9,2.1,308,5.1
Chase Daniel,CHI,2018,32,QB,5,2,53,76,515,648,8.5,347,6.5,4.6,168,3.2
Tyrod Taylor,CLE,2018,29,QB,4,3,42,85,473,846,10.0,275,6.5,3.2,198,4.7
Derek Anderson,BUF,2018,35,QB,2,2,42,70,465,618,8.8,291,6.9,4.2,174,4.1
Sam Bradford,ARI,2018,31,QB,3,3,50,80,400,512,6.4,208,4.2,2.6,192,3.8
Colt McCoy,WAS,2018,32,QB,3,2,34,54,372,479,8.9,221,6.5,4.1,151,4.4
Taylor Heinicke,CAR,2018,25,QB,6,1,35,57,320,512,9.0,173,4.9,3.0,147,4.2
Nathan Peterman,BUF,2018,24,QB,4,2,44,81,296,493,6.1,113,2.6,1.4,183,4.2
Kyle Allen,CAR,2018,22,QB,2,1,20,31,266,243,7.8,174,8.7,5.6,92,4.6
Matt Barkley,BUF,2018,28,QB,1,1,15,25,232,310,12.4,155,10.3,6.2,77,5.1
DeShone Kizer,GNB,2018,22,QB,3,0,20,42,187,421,10.0,128,6.4,3.0,59,3.0
Mike Glennon,ARI,2018,29,QB,2,0,15,21,174,177,8.4,90,6.0,4.3,84,5.6
Mark Sanchez,WAS,2018,32,QB,2,1,19,35,138,220,6.3,51,2.7,1.5,87,4.6
Teddy Bridgewater,NOR,2018,26,QB,5,1,14,23,118,141,6.1,65,4.6,2.8,53,3.8
Odell Beckham,NYG,2018,26,WR,12,12,2,2,106,68,34.0,68,34.0,34.0,38,19.0
Kevin Byard,TEN,2018,25,FS,16,16,1,1,66,17,17.0,17,17.0,17.0,49,49.0
Taysom Hill,NOR,2018,28,QB,16,4,3,7,64,126,18.0,46,15.3,6.6,18,6.0
Jarvis Landry,CLE,2018,26,WR,16,14,1,2,63,77,38.5,46,46.0,23.0,17,17.0
Matt Cassel,DET,2018,36,QB,2,0,7,17,59,124,7.3,30,4.3,1.8,29,4.1
Albert Wilson,MIA,2018,26,WR,7,3,1,1,52,19,19.0,19,19.0,19.0,33,33.0
Christian McCaffrey,CAR,2018,22,RB,16,16,1,1,50,13,13.0,13,13.0,13.0,37,37.0
Joshua Dobbs,PIT,2018,23,QB,5,0,6,12,43,59,4.9,24,4.0,2.0,19,3.2
Julian Edelman,NWE,2018,32,WR,12,12,2,2,43,-2,-1.0,-2,-1.0,-1.0,45,22.5
Garrett Gilbert,CAR,2018,27,QB,1,0,2,3,40,17,5.7,10,5.0,3.3,30,15.0
Larry Fitzgerald,ARI,2018,35,WR,16,16,1,1,32,28,28.0,28,28.0,28.0,4,4.0
Chad Henne,KAN,2018,33,QB,1,0,2,3,29,18,6.0,14,7.0,4.7,15,7.5
Danny Amendola,MIA,2018,33,WR,15,15,1,1,28,25,25.0,25,25.0,25.0,3,3.0
Emmanuel Sanders,DEN,2018,31,WR,12,12,1,1,28,28,28.0,28,28.0,28.0,0,0.0
Sean Mannion,LAR,2018,26,QB,3,0,2,3,23,-10,-3.3,-4,-2.0,-1.3,27,13.5
Nate Sudfeld,PHI,2018,25,QB,2,0,1,2,22,9,4.5,-1,-1.0,-0.5,23,23.0
Robert GriffinI,BAL,2018,28,QB,3,0,2,6,21,72,12.0,-5,-2.5,-0.8,26,13.0
Darius Jennings,TEN,2018,26,WR,16,0,1,1,21,10,10.0,10,10.0,10.0,11,11.0
Sam Koch,BAL,2018,36,P,16,0,1,1,21,19,19.0,19,19.0,19.0,2,2.0
Matt Schaub,ATL,2018,37,QB,3,0,5,7,20,32,4.6,12,2.4,1.7,8,1.6
Johnny Hekker,LAR,2018,28,P,16,0,2,4,19,51,12.8,8,4.0,2.0,11,5.5
Nelson Agholor,PHI,2018,25,WR,16,16,1,1,15,8,8.0,8,8.0,8.0,7,7.0
Logan Thomas,BUF,2018,27,TE,12,3,1,1,15,8,8.0,8,8.0,8.0,7,7.0
Derrick Henry,TEN,2018,24,RB,16,12,2,3,14,12,4.0,-7,-3.5,-2.3,21,10.5
Colby Wadman,DEN,2018,23,P,12,0,1,1,12,-1,-1.0,-1,-1.0,-1.0,13,13.0
AJ McCarron,OAK,2018,28,QB,2,0,1,3,8,7,2.3,7,7.0,2.3,1,1.0
Anthony Miller,CHI,2018,24,WR,15,4,1,1,8,-6,-6.0,-6,-6.0,-6.0,14,14.0
Matt Prater,DET,2018,34,K,16,0,1,1,8,8,8.0,8,8.0,8.0,0,0.0
Geno Smith,LAC,2018,28,QB,5,0,1,4,8,11,2.8,-3,-3.0,-0.8,11,11.0
Brian Hoyer,NWE,2018,33,QB,5,0,1,2,7,4,2.0,-3,-3.0,-1.5,10,10.0
Tress Way,WAS,2018,28,P,16,0,1,1,7,7,7.0,7,7.0,7.0,0,0.0
Mohamed Sanu,ATL,2018,29,WR,16,16,1,2,5,37,18.5,1,1.0,0.5,4,4.0
Logan Cooke,JAX,2018,23,P,16,0,1,1,4,-4,-4.0,-4,-4.0,-4.0,8,8.0
Kenny Stills,MIA,2018,26,WR,15,15,1,1,3,2,2.0,2,2.0,2.0,1,1.0
Chris Boswell,PIT,2018,27,K,15,0,1,1,2,2,2.0,2,2.0,2.0,0,0.0
Jacoby Brissett,IND,2018,26,QB,4,0,2,4,2,82,20.5,1,0.5,0.3,1,0.5
Tarik Cohen,CHI,2018,23,RB,16,7,1,1,1,1,1.0,1,1.0,1.0,0,0.0
Bryan Anger,TAM,2018,30,P,16,0,0,1,0,10,10.0,0,,0.0,0,
Cole Beasley,DAL,2018,29,WR,16,4,0,1,0,11,11.0,0,,0.0,0,
Corey Bojorquez,BUF,2018,22,P,8,0,0,1,0,-8,-8.0,0,,0.0,0,
Tyler Boyd,CIN,2018,24,WR,14,14,0,1,0,34,34.0,0,,0.0,0,
Antonio Brown,PIT,2018,30,WR,15,15,0,1,0,12,12.0,0,,0.0,0,
Eric Ebron,IND,2018,25,TE,16,8,0,1,0,4,4.0,0,,0.0,0,
Bruce Ellington,"2TM",2018,27,WR,7,3,0,1,0,10,10.0,0,,0.0,0,
Dontrell Hilliard,CLE,2018,23,RB,11,0,0,1,0,12,12.0,0,,0.0,0,
DeAndre Hopkins,HOU,2018,26,WR,16,16,0,1,0,17,17.0,0,,0.0,0,
Zay Jones,BUF,2018,23,WR,16,15,0,1,0,13,13.0,0,,0.0,0,
Kyle Lauletta,NYG,2018,23,QB,2,0,0,5,0,62,12.4,0,,0.0,0,
JK Scott,GNB,2018,23,P,16,0,0,1,0,-2,-2.0,0,,0.0,0,
Dede Westbrook,JAX,2018,25,WR,16,9,0,1,0,12,12.0,0,,0.0,0,
Jameis Winston,TAM,2019,25,QB,16,16,380,626,5109,6486,10.4,3249,8.6,5.2,1860,4.9
Dak Prescott,DAL,2019,26,QB,16,16,388,596,4902,5539,9.3,2984,7.7,5.0,1918,4.9
Jared Goff,LAR,2019,25,QB,16,16,394,626,4638,4825,7.7,2388,6.1,3.8,2250,5.7
Philip Rivers,LAC,2019,38,QB,16,16,390,591,4615,5025,8.5,2430,6.2,4.1,2185,5.6
Matt Ryan,ATL,2019,34,QB,15,15,408,616,4466,5009,8.1,2816,6.9,4.6,1650,4.0
Russell Wilson,SEA,2019,31,QB,16,16,341,516,4110,4836,9.4,2402,7.0,4.7,1708,5.0
Tom Brady,NWE,2019,42,QB,16,16,373,613,4057,4638,7.6,2233,6.0,3.6,1824,4.9
Derek Carr,OAK,2019,28,QB,16,16,361,513,4054,3364,6.6,1932,5.4,3.8,2122,5.9
Carson Wentz,PHI,2019,27,QB,16,16,388,607,4039,4878,8.0,2235,5.8,3.7,1804,4.6
Patrick Mahomes,KAN,2019,24,QB,14,14,319,484,4031,4273,8.8,2076,6.5,4.3,1955,6.1
Aaron Rodgers,GNB,2019,36,QB,16,16,353,569,4002,5005,8.8,1993,5.6,3.5,2009,5.7
Jimmy Garoppolo,SFO,2019,28,QB,16,16,329,476,3978,3106,6.5,1819,5.5,3.8,2159,6.6
Deshaun Watson,HOU,2019,24,QB,15,15,333,495,3852,4396,8.9,2166,6.5,4.4,1686,5.1
Baker Mayfield,CLE,2019,24,QB,16,16,317,534,3827,4516,8.5,2007,6.3,3.8,1820,5.7
Kyler Murray,ARI,2019,22,QB,16,16,349,542,3722,3987,7.4,1870,5.4,3.5,1852,5.3
Kirk Cousins,MIN,2019,31,QB,15,15,307,444,3603,3395,7.6,1818,5.9,4.1,1785,5.8
Ryan Fitzpatrick,MIA,2019,37,QB,15,13,311,502,3529,4467,8.9,2264,7.3,4.5,1265,4.1
Andy Dalton,CIN,2019,32,QB,13,13,314,528,3494,3991,7.6,1843,5.9,3.5,1651,5.3
Kyle Allen,CAR,2019,23,QB,13,12,303,489,3322,3965,8.1,1649,5.4,3.4,1673,5.5
Gardner Minshew,JAX,2019,23,QB,14,12,285,470,3271,3346,7.1,1687,5.9,3.6,1584,5.6
Mitchell Trubisky,CHI,2019,25,QB,15,15,326,516,3138,4108,8.0,1729,5.3,3.4,1409,4.3
Lamar Jackson,BAL,2019,22,QB,15,15,265,401,3127,3545,8.8,1767,6.7,4.4,1360,5.1
Josh Allen,BUF,2019,23,QB,16,16,271,461,3089,4266,9.3,1758,6.5,3.8,1331,4.9
Daniel Jones,NYG,2019,22,QB,13,12,284,459,3027,3689,8.0,1619,5.7,3.5,1408,5.0
Sam Darnold,NYJ,2019,22,QB,13,13,273,441,3024,3614,8.2,1549,5.7,3.5,1475,5.4
Drew Brees,NOR,2019,40,QB,11,11,281,378,2979,2429,6.4,1488,5.3,3.9,1491,5.3
Jacoby Brissett,IND,2019,27,QB,15,15,272,447,2942,3521,7.9,1437,5.3,3.2,1505,5.5
Ryan Tannehill,TEN,2019,31,QB,12,10,201,286,2742,2715,9.5,1494,7.4,5.2,1248,6.2
Matthew Stafford,DET,2019,31,QB,8,8,187,291,2499,3097,10.6,1609,8.6,5.5,890,4.8
Joe Flacco,DEN,2019,34,QB,8,8,171,262,1822,1750,6.7,915,5.4,3.5,907,5.3
Mason Rudolph,PIT,2019,24,QB,10,8,176,283,1765,2286,8.1,836,4.8,3.0,929,5.3
Case Keenum,WAS,2019,31,QB,10,8,160,247,1707,1700,6.9,907,5.7,3.7,800,5.0
Teddy Bridgewater,NOR,2019,27,QB,9,5,133,196,1384,1208,6.2,632,4.8,3.2,752,5.7
Dwayne Haskins,WAS,2019,22,QB,9,7,119,203,1365,1751,8.6,750,6.3,3.7,615,5.2
Marcus Mariota,TEN,2019,26,QB,7,6,95,160,1203,1121,7.0,606,6.4,3.8,597,6.3
Devlin Hodges,PIT,2019,23,QB,8,6,100,160,1063,1168,7.3,482,4.8,3.0,581,5.8
Eli Manning,NYG,2019,38,QB,4,4,91,147,1042,1199,8.2,625,6.9,4.3,417,4.6
Drew Lock,DEN,2019,23,QB,5,5,100,156,1020,1053,6.8,467,4.7,3.0,553,5.5
David Blough,DET,2019,24,QB,5,5,94,174,984,1484,8.5,655,7.0,3.8,329,3.5
Nick Foles,JAX,2019,30,QB,4,4,77,117,736,990,8.5,382,5.0,3.3,354,4.6
Jeff Driskel,DET,2019,26,QB,3,3,62,105,685,861,8.2,405,6.5,3.9,280,4.5
Matt Moore,KAN,2019,35,QB,6,2,59,91,659,635,7.0,377,6.4,4.1,282,4.8
Matt Schaub,ATL,2019,38,QB,6,1,50,67,580,488,7.3,314,6.3,4.7,266,5.3
Cam Newton,CAR,2019,30,QB,2,2,50,89,572,793,8.9,368,7.4,4.1,204,4.1
Josh Rosen,MIA,2019,22,QB,6,3,58,109,567,901,8.3,250,4.3,2.3,317,5.5
Brandon Allen,DEN,2019,27,QB,3,3,39,84,515,646,7.7,281,7.2,3.3,234,6.0
Ryan Finley,CIN,2019,25,QB,3,3,41,87,474,721,8.3,271,6.6,3.1,203,5.0
Chase Daniel,CHI,2019,33,QB,3,1,45,64,435,425,6.6,300,6.7,4.7,135,3.0
Luke Falk,NYJ,2019,25,QB,3,2,47,73,416,397,5.4,152,3.2,2.1,264,5.6
Brian Hoyer,IND,2019,34,QB,4,1,35,65,372,559,8.6,215,6.1,3.3,157,4.5
Matt Barkley,BUF,2019,29,QB,2,0,27,51,359,403,7.9,203,7.5,4.0,156,5.8
Ben Roethlisberger,PIT,2019,37,QB,2,2,35,62,351,576,9.3,158,4.5,2.5,193,5.5
Will Grier,CAR,2019,24,QB,2,2,28,52,228,491,9.4,49,1.8,0.9,179,6.4
Robert GriffinI,BAL,2019,29,QB,7,1,23,38,225,282,7.4,141,6.1,3.7,84,3.7
AJ McCarron,HOU,2019,29,QB,2,1,21,37,225,313,8.5,95,4.5,2.6,130,6.2
Sean Mannion,MIN,2019,27,QB,3,1,12,21,126,132,6.3,60,5.0,2.9,66,5.5
Colt McCoy,WAS,2019,33,QB,1,1,18,27,122,177,6.6,88,4.9,3.3,34,1.9
Mike Glennon,OAK,2019,30,QB,2,0,6,10,56,112,11.2,38,6.3,3.8,18,3.0
Taysom Hill,NOR,2019,29,WR,16,5,3,6,55,94,15.7,43,14.3,7.2,12,4.0
Brett Hundley,ARI,2019,26,QB,3,0,5,11,49,114,10.4,15,3.0,1.4,34,6.8
Julian Edelman,NWE,2019,33,WR,16,13,2,2,47,9,4.5,9,4.5,4.5,38,19.0
Courtland Sutton,DEN,2019,24,WR,16,14,1,1,38,37,37.0,37,37.0,37.0,1,1.0
Jaylen Samuels,PIT,2019,23,RB,14,4,4,5,35,-11,-2.2,-15,-3.8,-3.0,50,12.5
Emmanuel Sanders,"2TM",2019,32,WR,17,16,1,1,35,22,22.0,22,22.0,22.0,13,13.0
James White,NWE,2019,27,RB,15,1,1,1,35,8,8.0,8,8.0,8.0,27,27.0
Tyrod Taylor,LAC,2019,30,QB,8,0,4,6,33,32,5.3,14,3.5,2.3,19,4.8
John Brown,BUF,2019,29,WR,15,15,1,1,28,21,21.0,21,21.0,21.0,7,7.0
Johnny Hekker,LAR,2019,29,P,16,0,2,3,28,12,4.0,8,4.0,2.7,20,10.0
Alex Erickson,CIN,2019,27,WR,16,6,1,1,26,23,23.0,23,23.0,23.0,3,3.0
Andy Lee,ARI,2019,37,P,15,0,1,1,26,26,26.0,26,26.0,26.0,0,0.0
Josh McCown,PHI,2019,40,QB,3,0,3,5,24,22,4.4,9,3.0,1.8,15,5.0
Odell Beckham,CLE,2019,27,WR,16,15,1,2,20,65,32.5,15,15.0,7.5,5,5.0
Albert Wilson,MIA,2019,27,WR,13,4,1,2,20,20,10.0,-3,-3.0,-1.5,23,23.0
Danny Amendola,DET,2019,34,WR,15,10,1,1,19,14,14.0,14,14.0,14.0,5,5.0
Ryan Griffin,TAM,2019,30,QB,2,0,2,4,18,12,3.0,5,2.5,1.3,13,6.5
Logan Cooke,JAX,2019,24,P,16,0,2,2,16,8,4.0,8,4.0,4.0,8,4.0
Dante Pettis,SFO,2019,24,WR,11,4,1,1,16,-4,-4.0,-4,-4.0,-4.0,20,20.0
Tim Boyle,GNB,2019,25,QB,3,0,3,4,15,10,2.5,1,0.3,0.3,14,4.7
Jarrett Stidham,NWE,2019,23,QB,3,0,2,4,14,21,5.3,9,4.5,2.3,5,2.5
Alvin Kamara,NOR,2019,24,RB,14,9,1,1,13,11,11.0,11,11.0,11.0,2,2.0
Michael Palardy,CAR,2019,27,P,16,0,1,1,12,10,10.0,10,10.0,10.0,2,2.0
Kelvin Harmon,WAS,2019,23,WR,16,8,1,1,11,6,6.0,6,6.0,6.0,5,5.0
Brett Kern,TEN,2019,33,P,16,0,1,2,11,33,16.5,3,3.0,1.5,8,8.0
Andrew Beck,DEN,2019,23,TE,16,6,1,1,6,-3,-3.0,-3,-3.0,-3.0,9,9.0
DeAndre Hopkins,HOU,2019,27,WR,15,15,1,2,6,9,4.5,0,0.0,0.0,6,6.0
Kenjon Barner,ATL,2019,30,RB,14,0,1,1,3,-4,-4.0,-4,-4.0,-4.0,7,7.0
Blake Bortles,LAR,2019,27,QB,3,0,1,2,3,-3,-1.5,-3,-3.0,-1.5,6,6.0
Trevor Siemian,NYJ,2019,28,QB,1,1,3,6,3,41,6.8,-8,-2.7,-1.3,11,3.7
Matt Haack,MIA,2019,25,P,16,0,1,2,1,31,15.5,1,1.0,0.5,0,0.0
Alex Tanney,NYG,2019,32,QB,1,0,1,1,1,1,1.0,1,1.0,1.0,0,0.0
Randall Cobb,DAL,2019,29,WR,15,6,0,1,0,0,0.0,0,,0.0,0,
Dustin Colquitt,KAN,2019,37,P,16,0,0,1,0,4,4.0,0,,0.0,0,
Stefon Diggs,MIN,2019,26,WR,15,15,0,1,0,12,12.0,0,,0.0,0,
Jake Elliott,PHI,2019,24,K,16,0,0,1,0,6,6.0,0,,0.0,0,
Garrett Gilbert,CLE,2019,28,QB,5,0,0,3,0,47,15.7,0,,0.0,0,
Josh Gordon,"2TM",2019,28,WR,11,7,0,1,0,33,33.0,0,,0.0,0,
Cooper Kupp,LAR,2019,26,WR,16,14,0,1,0,19,19.0,0,,0.0,0,
Christian McCaffrey,CAR,2019,23,RB,16,16,0,2,0,16,8.0,0,,0.0,0,
Zach Pascal,IND,2019,25,WR,16,13,0,1,0,21,21.0,0,,0.0,0,
Bilal Powell,NYJ,2019,31,RB,13,1,0,1,0,13,13.0,0,,0.0,0,
Steven Sims,WAS,2019,22,WR,16,2,0,1,0,5,5.0,0,,0.0,0,
Sam Koch,BAL,2019,37,P,16,0,1,1,-2,-5,-5.0,-5,-5.0,-5.0,3,3.0
Deshaun Watson,HOU,2020,25,QB,16,16,382,544,4823,4840,8.9,2847,7.5,5.2,1976,5.2
Patrick Mahomes,KAN,2020,25,QB,15,15,390,588,4740,4910,8.4,2473,6.3,4.2,2267,5.8
Tom Brady,TAM,2020,43,QB,16,16,401,610,4633,5531,9.1,2833,7.1,4.6,1800,4.5
Matt Ryan,ATL,2020,35,QB,16,16,407,626,4581,5337,8.5,2939,7.2,4.7,1642,4.0
Josh Allen,BUF,2020,24,QB,16,16,396,572,4544,4857,8.5,2692,6.8,4.7,1852,4.7
Justin Herbert,LAC,2020,22,QB,15,15,396,595,4336,4378,7.4,2121,5.4,3.6,2215,5.6
Aaron Rodgers,GNB,2020,37,QB,16,16,372,526,4299,4135,7.9,2051,5.5,3.9,2248,6.0
Kirk Cousins,MIN,2020,32,QB,16,16,349,516,4265,4103,8.0,2329,6.7,4.5,1936,5.5
Russell Wilson,SEA,2020,32,QB,16,16,384,558,4212,4809,8.6,2385,6.2,4.3,1827,4.8
Philip Rivers,IND,2020,39,QB,16,16,369,543,4169,3893,7.2,1948,5.3,3.6,2221,6.0
Derek Carr,LVR,2020,29,QB,16,16,348,517,4103,4184,8.1,2147,6.2,4.2,1956,5.6
Matthew Stafford,DET,2020,32,QB,16,16,339,528,4084,4609,8.7,2343,6.9,4.4,1741,5.1
Kyler Murray,ARI,2020,23,QB,16,16,375,558,3971,4340,7.8,2213,5.9,4.0,1758,4.7
Jared Goff,LAR,2020,26,QB,15,15,370,552,3952,3579,6.5,1800,4.9,3.3,2152,5.8
Ryan Tannehill,TEN,2020,32,QB,16,16,315,481,3819,4029,8.4,2295,7.3,4.8,1524,4.8
Ben Roethlisberger,PIT,2020,38,QB,15,15,399,608,3803,4220,6.9,1850,4.6,3.0,1953,4.9
Teddy Bridgewater,CAR,2020,28,QB,15,15,340,492,3733,3511,7.1,1853,5.5,3.8,1880,5.5
Baker Mayfield,CLE,2020,25,QB,16,16,305,486,3563,4124,8.5,2203,7.2,4.5,1360,4.5
Daniel Jones,NYG,2020,23,QB,14,14,280,448,2943,3395,7.6,1827,6.5,4.1,1116,4.0
Drew Brees,NOR,2020,41,QB,12,12,275,390,2942,2361,6.1,1464,5.3,3.8,1478,5.4
Drew Lock,DEN,2020,24,QB,13,13,254,443,2933,3883,8.8,1530,6.0,3.5,1403,5.5
Lamar Jackson,BAL,2020,23,QB,15,15,242,376,2757,3241,8.6,1588,6.6,4.2,1169,4.8
Joe Burrow,CIN,2020,24,QB,10,10,264,404,2688,3438,8.5,1550,5.9,3.8,1138,4.3
Cam Newton,NWE,2020,31,QB,15,15,242,368,2657,2496,6.8,1393,5.8,3.8,1264,5.2
Carson Wentz,PHI,2020,28,QB,12,12,251,437,2620,3836,8.8,1605,6.4,3.7,1015,4.0
Nick Mullens,SFO,2020,25,QB,10,8,211,326,2437,2053,6.3,1198,5.7,3.7,1239,5.9
Gardner Minshew,JAX,2020,24,QB,9,8,216,327,2259,2558,7.8,1243,5.8,3.8,1016,4.7
Sam Darnold,NYJ,2020,23,QB,12,12,217,364,2208,2794,7.7,1053,4.9,2.9,1155,5.3
Andy Dalton,DAL,2020,33,QB,11,9,216,333,2170,2278,6.8,1127,5.2,3.4,1043,4.8
Ryan Fitzpatrick,MIA,2020,38,QB,9,7,183,267,2091,2072,7.8,1236,6.8,4.6,855,4.7
Mitchell Trubisky,CHI,2020,26,QB,10,9,199,297,2055,2329,7.8,1052,5.3,3.5,1003,5.0
Dak Prescott,DAL,2020,27,QB,5,5,151,222,1856,1762,7.9,1046,6.9,4.7,810,5.4
Nick Foles,CHI,2020,31,QB,9,7,202,312,1852,2502,8.0,1151,5.7,3.7,701,3.5
Tua Tagovailoa,MIA,2020,22,QB,10,9,186,290,1814,2175,7.5,1048,5.6,3.6,766,4.1
Alex Smith,WAS,2020,36,QB,8,6,168,252,1582,1286,5.1,629,3.7,2.5,953,5.7
Dwayne Haskins,WAS,2020,23,QB,7,6,148,241,1439,1622,6.7,572,3.9,2.4,867,5.9
Jimmy Garoppolo,SFO,2020,29,QB,6,6,94,140,1096,879,6.3,382,4.1,2.7,714,7.6
Mike Glennon,JAX,2020,31,QB,5,5,111,179,1072,1424,8.0,667,6.0,3.7,405,3.6
Jalen Hurts,PHI,2020,22,QB,15,4,77,148,1061,1350,9.1,593,7.7,4.0,468,6.1
Taysom Hill,NOR,2020,30,WR/QB,16,8,88,121,928,843,7.0,556,6.3,4.6,372,4.2
Brandon Allen,CIN,2020,28,QB,5,5,90,142,925,940,6.6,368,4.1,2.6,557,6.2
Joe Flacco,NYJ,2020,35,QB,5,4,74,134,864,1422,10.6,519,7.0,3.9,345,4.7
CJ Beathard,SFO,2020,27,QB,6,2,66,104,787,838,8.1,443,6.7,4.3,344,5.2
Jake Luton,JAX,2020,24,QB,3,3,60,110,624,865,7.9,338,5.6,3.1,286,4.8
Kyle Allen,WAS,2020,24,QB,4,4,60,87,610,523,6.0,286,4.8,3.3,324,5.4
Jeff Driskel,DEN,2020,27,QB,3,1,35,64,432,638,10.0,301,8.6,4.7,131,3.7
Colt McCoy,NYG,2020,34,QB,4,2,40,66,375,590,8.9,248,6.2,3.8,127,3.2
PJ Walker,CAR,2020,25,QB,4,1,32,56,368,583,10.4,227,7.1,4.1,141,4.4
Mason Rudolph,PIT,2020,25,QB,5,1,25,43,324,432,10.0,222,8.9,5.2,102,4.1
Brett Rypien,DEN,2020,24,QB,3,1,27,40,295,346,8.7,213,7.9,5.3,82,3.0
Chase Daniel,DET,2020,34,QB,4,0,29,43,264,275,6.4,145,5.0,3.4,119,4.1
Jarrett Stidham,NWE,2020,24,QB,5,0,22,44,256,268,6.1,76,3.5,1.7,180,8.2
Chad Henne,KAN,2020,35,QB,3,1,28,38,248,158,4.2,48,1.7,1.3,200,7.1
Garrett Gilbert,DAL,2020,29,QB,1,1,21,38,243,348,9.2,191,9.1,5.0,52,2.5
John Wolford,LAR,2020,25,QB,1,1,22,38,231,358,9.4,138,6.3,3.6,93,4.2
Marcus Mariota,LVR,2020,27,QB,1,0,17,28,226,273,9.8,150,8.8,5.4,76,4.5
Ben DiNucci,DAL,2020,24,QB,3,1,23,43,219,349,8.1,85,3.7,2.0,134,5.8
Tyrod Taylor,LAC,2020,31,QB,2,1,16,30,208,335,11.2,128,8.0,4.3,80,5.0
Matt Barkley,BUF,2020,30,QB,5,0,11,21,197,251,12.0,142,12.9,6.8,55,5.0
Ryan Finley,CIN,2020,26,QB,5,1,17,32,164,335,10.5,93,5.5,2.9,71,4.2
Blaine Gabbert,TAM,2020,31,QB,4,0,9,16,143,108,6.8,63,7.0,3.9,80,8.9
Taylor Heinicke,WAS,2020,27,QB,1,0,12,19,137,255,13.4,88,7.3,4.6,49,4.1
Brian Hoyer,NWE,2020,35,QB,1,1,15,24,130,196,8.2,74,4.9,3.1,56,3.7
Chris Streveler,ARI,2020,25,QB,5,0,11,16,105,106,6.6,7,0.6,0.4,98,8.9
Trace McSorley,BAL,2020,25,QB,2,0,3,10,90,89,8.9,37,12.3,3.7,53,17.7
Jameis Winston,NOR,2020,26,QB,4,0,7,11,75,51,4.6,14,2.0,1.3,61,8.7
Jarvis Landry,CLE,2020,28,WR,15,14,4,4,74,58,14.5,58,14.5,14.5,16,4.0
David Blough,DET,2020,25,QB,1,0,6,10,49,82,8.2,22,3.7,2.2,27,4.5
Case Keenum,CLE,2020,32,QB,2,0,5,10,46,27,2.7,18,3.6,1.8,28,5.6
Jamison Crowder,NYJ,2020,27,WR,12,7,1,1,43,27,27.0,27,27.0,27.0,16,16.0
Jakobi Meyers,NWE,2020,24,WR,14,9,2,2,43,37,18.5,37,18.5,18.5,6,3.0
Robert GriffinI,BAL,2020,30,QB,4,1,8,14,42,123,8.8,8,1.0,0.6,34,4.3
Russell Gage,ATL,2020,24,WR,16,8,1,2,39,75,37.5,37,37.0,18.5,2,2.0
Julian Edelman,NWE,2020,34,WR,6,1,2,2,38,-2,-1.0,-2,-1.0,-1.0,40,20.0
Geno Smith,SEA,2020,30,QB,1,0,4,5,33,25,5.0,19,4.8,3.8,14,3.5
Lynn Bowden,MIA,2020,23,WR,10,4,1,2,32,17,8.5,-2,-2.0,-1.0,34,34.0
Nate Sudfeld,PHI,2020,27,QB,1,0,5,12,32,118,9.8,14,2.8,1.2,18,3.6
Zay Jones,LVR,2020,25,WR,16,2,1,1,29,26,26.0,26,26.0,26.0,3,3.0
Joseph Charlton,CAR,2020,23,P,16,0,1,1,28,18,18.0,18,18.0,18.0,10,10.0
Logan Thomas,WAS,2020,29,TE,16,15,1,1,28,28,28.0,28,28.0,28.0,0,0.0
Andy Lee,ARI,2020,38,P,16,0,1,1,26,14,14.0,14,14.0,14.0,12,12.0
Nathan Peterman,LVR,2020,26,QB,1,0,3,5,25,9,1.8,4,1.3,0.8,21,7.0
Cedrick Wilson,DAL,2020,25,WR,16,0,2,2,23,2,1.0,2,1.0,1.0,21,10.5
Cole Beasley,BUF,2020,31,WR,15,10,1,1,20,20,20.0,20,20.0,20.0,0,0.0
AJ McCarron,HOU,2020,30,QB,2,0,1,1,20,18,18.0,18,18.0,18.0,2,2.0
Odell Beckham,CLE,2020,28,WR,7,7,1,1,18,17,17.0,17,17.0,17.0,1,1.0
Tyler Bray,CHI,2020,29,QB,1,0,1,5,18,43,8.6,5,5.0,1.0,13,13.0
Golden Tate,NYG,2020,32,WR,12,4,1,2,18,-9,-4.5,-5,-5.0,-2.5,23,23.0
Jacoby Brissett,IND,2020,28,QB,11,0,2,8,17,65,8.1,-1,-0.5,-0.1,18,9.0
Tyler Boyd,CIN,2020,26,WR,15,8,1,2,16,2,1.0,-6,-6.0,-3.0,22,22.0
Tyler Huntley,BAL,2020,22,QB,2,0,3,5,15,62,12.4,5,1.7,1.0,10,3.3
Sam Koch,BAL,2020,38,P,15,0,1,1,15,9,9.0,9,9.0,9.0,6,6.0
Greg Ward,PHI,2020,25,WR,16,10,1,1,15,15,15.0,15,15.0,15.0,0,0.0
Kendall Hinton,DEN,2020,23,WR,1,0,1,9,13,134,14.9,-3,-3.0,-0.3,16,16.0
Jaquan Johnson,BUF,2020,25,DB,14,0,1,1,13,10,10.0,10,10.0,10.0,3,3.0
Tommy Townsend,KAN,2020,24,P,16,0,1,1,13,6,6.0,6,6.0,6.0,7,7.0
Isaiah McKenzie,BUF,2020,25,WR,16,7,1,1,12,-5,-5.0,-5,-5.0,-5.0,17,17.0
Logan Woodside,TEN,2020,25,QB,6,0,1,3,7,17,5.7,7,7.0,2.3,0,0.0
Travis Kelce,KAN,2020,31,TE,15,15,1,2,4,-2,-1.0,-3,-3.0,-1.5,7,7.0
Easton Stick,LAC,2020,25,QB,1,0,1,1,4,0,0.0,0,0.0,0.0,4,4.0
Joshua Dobbs,PIT,2020,25,QB,1,0,4,5,2,0,0.0,-11,-2.8,-2.2,13,3.3
Jamal Agnew,DET,2020,25,WR,14,2,0,1,0,15,15.0,0,,0.0,0,
Keenan Allen,LAC,2020,28,WR,14,13,0,1,0,15,15.0,0,,0.0,0,
Randall Cobb,HOU,2020,30,WR,10,2,0,1,0,7,7.0,0,,0.0,0,
Riley Dixon,NYG,2020,27,P,16,0,0,1,0,8,8.0,0,,0.0,0,
Alex Erickson,CIN,2020,28,WR,16,2,0,1,0,21,21.0,0,,0.0,0,
Chris Jones,DAL,2020,31,P,8,0,0,1,0,9,9.0,0,,0.0,0,
Brett Kern,TEN,2020,34,P,13,0,0,1,0,18,18.0,0,,0.0,0,
DJ Moore,CAR,2020,23,WR,15,14,0,1,0,6,6.0,0,,0.0,0,
Zach Pascal,IND,2020,26,WR,16,14,0,1,0,13,13.0,0,,0.0,0,
Sammy Watkins,KAN,2020,27,WR,10,9,0,1,0,24,24.0,0,,0.0,0,
Isaiah Wright,WAS,2020,23,WR,14,6,0,1,0,-3,-3.0,0,,0.0,0,
Tom Brady,TAM,2021,44,QB,17,17,485,719,5316,5791,8.1,2762,5.7,3.8,2554,5.3
Justin Herbert,LAC,2021,23,QB,17,17,443,672,5014,5076,7.6,2627,5.9,3.9,2387,5.4
Matthew Stafford,LAR,2021,33,QB,17,17,404,601,4886,5092,8.5,2760,6.8,4.6,2126,5.3
Patrick Mahomes,KAN,2021,26,QB,17,17,436,658,4839,4829,7.3,2140,4.9,3.3,2699,6.2
Derek Carr,LVR,2021,30,QB,17,17,428,626,4804,5087,8.1,2525,5.9,4.0,2279,5.3
Joe Burrow,CIN,2021,25,QB,16,16,366,520,4611,4192,8.1,2332,6.4,4.5,2279,6.2
Dak Prescott,DAL,2021,28,QB,16,16,410,596,4449,4592,7.7,2425,5.9,4.1,2024,4.9
Josh Allen,BUF,2021,25,QB,17,17,409,646,4407,5304,8.2,2664,6.5,4.1,1743,4.3
Kirk Cousins,MIN,2021,33,QB,16,16,372,561,4221,4576,8.2,2415,6.5,4.3,1806,4.9
Aaron Rodgers,GNB,2021,38,QB,16,16,366,531,4115,4099,7.7,1947,5.3,3.7,2168,5.9
Matt Ryan,ATL,2021,36,QB,17,17,375,560,3968,3986,7.1,2244,6.0,4.0,1724,4.6
Jimmy Garoppolo,SFO,2021,30,QB,15,15,301,441,3810,3304,7.5,1844,6.1,4.2,1966,6.5
Mac Jones,NWE,2021,23,QB,17,17,352,521,3801,4161,8.0,2027,5.8,3.9,1774,5.0
Kyler Murray,ARI,2021,24,QB,14,14,333,481,3787,3847,8.0,1986,6.0,4.1,1801,5.4
Ben Roethlisberger,PIT,2021,39,QB,16,16,390,605,3740,4052,6.7,1808,4.6,3.0,1932,5.0
Ryan Tannehill,TEN,2021,33,QB,17,17,357,531,3734,3959,7.5,1958,5.5,3.7,1776,5.0
Trevor Lawrence,JAX,2021,22,QB,17,17,359,602,3641,4745,7.9,2004,5.6,3.3,1637,4.6
Carson Wentz,IND,2021,29,QB,17,17,322,516,3563,3941,7.6,1913,5.9,3.7,1650,5.1
Taylor Heinicke,WAS,2021,28,QB,16,15,321,494,3419,3762,7.6,1655,5.2,3.4,1764,5.5
Jared Goff,DET,2021,27,QB,14,14,332,494,3245,3150,6.4,1490,4.5,3.0,1755,5.3
Jalen Hurts,PHI,2021,23,QB,15,15,265,432,3144,3867,9.0,1681,6.3,3.9,1463,5.5
Russell Wilson,SEA,2021,33,QB,14,14,259,400,3113,3956,9.9,1730,6.7,4.3,1383,5.3
Teddy Bridgewater,DEN,2021,29,QB,14,14,285,426,3052,3417,8.0,1658,5.8,3.9,1394,4.9
Baker Mayfield,CLE,2021,26,QB,14,14,253,418,3010,3610,8.6,1632,6.5,3.9,1378,5.4
Lamar Jackson,BAL,2021,24,QB,12,12,246,382,2882,3543,9.3,1734,7.0,4.5,1148,4.7
Davis Mills,HOU,2021,23,QB,13,11,263,394,2664,2852,7.2,1419,5.4,3.6,1245,4.7
Tua Tagovailoa,MIA,2021,23,QB,13,12,263,388,2653,2734,7.0,1436,5.5,3.7,1217,4.6
Sam Darnold,CAR,2021,24,QB,12,11,243,406,2527,2947,7.3,1151,4.7,2.8,1376,5.7
Daniel Jones,NYG,2021,24,QB,11,11,232,361,2428,2616,7.2,1334,5.8,3.7,1094,4.7
Zach Wilson,NYJ,2021,22,QB,13,13,213,383,2334,2900,7.6,1245,5.8,3.3,1089,5.1
Justin Fields,CHI,2021,22,QB,12,10,159,270,1870,2641,9.8,1178,7.4,4.4,692,4.4
Andy Dalton,CHI,2021,34,QB,8,6,149,236,1515,1620,6.9,763,5.1,3.2,752,5.0
Jacoby Brissett,MIA,2021,29,QB,11,5,141,225,1283,1691,7.5,775,5.5,3.4,508,3.6
Jameis Winston,NOR,2021,27,QB,7,7,95,161,1170,1340,8.3,589,6.2,3.7,581,6.1
Trevor Siemian,NOR,2021,30,QB,6,4,108,188,1154,1298,6.9,652,6.0,3.5,502,4.6
Tyler Huntley,BAL,2021,23,QB,7,4,122,188,1081,1409,7.5,635,5.2,3.4,446,3.7
Taysom Hill,NOR,2021,31,QB,12,9,78,134,978,982,7.3,457,5.9,3.4,521,6.7
Tyrod Taylor,HOU,2021,32,QB,6,6,91,150,966,1105,7.4,473,5.2,3.2,493,5.4
Mike White,NYJ,2021,26,QB,4,3,88,132,953,777,5.9,387,4.4,2.9,566,6.4
Mike Glennon,NYG,2021,32,QB,6,4,90,167,790,1211,7.3,383,4.3,2.3,407,4.5
Drew Lock,DEN,2021,25,QB,6,3,67,111,787,1117,10.1,447,6.7,4.0,340,5.1
Colt McCoy,ARI,2021,35,QB,8,3,74,99,740,522,5.3,288,3.9,2.9,452,6.1
Geno Smith,SEA,2021,31,QB,4,3,65,95,702,669,7.0,342,5.3,3.6,360,5.5
Cam Newton,CAR,2021,32,QB,8,5,69,126,684,880,7.0,375,5.4,3.0,309,4.5
Josh Johnson,"2TM",2021,35,QB,4,1,57,85,638,616,7.2,355,6.2,4.2,283,5.0
Trey Lance,SFO,2021,21,QB,6,2,41,71,603,658,9.3,315,7.7,4.4,288,7.0
Tim Boyle,DET,2021,27,QB,5,3,61,94,526,589,6.3,261,4.3,2.8,265,4.3
Case Keenum,CLE,2021,33,QB,7,2,47,72,462,417,5.8,156,3.3,2.2,306,6.5
Gardner Minshew,PHI,2021,25,QB,4,2,41,60,439,333,5.6,164,4.0,2.7,275,6.7
Cooper Rush,DAL,2021,28,QB,5,1,30,47,422,418,8.9,209,7.0,4.4,213,7.1
Jordan Love,GNB,2021,23,QB,6,1,36,62,411,488,7.9,178,4.9,2.9,233,6.5
PJ Walker,CAR,2021,26,QB,5,1,36,66,362,594,9.0,225,6.3,3.4,137,3.8
Joe Flacco,NYJ,2021,36,QB,2,1,27,42,338,330,7.9,163,6.0,3.9,175,6.5
Mason Rudolph,PIT,2021,26,QB,2,1,35,58,277,360,6.2,155,4.4,2.7,122,3.5
Nick Foles,CHI,2021,32,QB,1,1,24,35,250,198,5.7,85,3.5,2.4,165,6.9
Brian Hoyer,NWE,2021,36,QB,5,0,9,11,227,97,8.8,84,9.3,7.6,143,15.9
Jake Fromm,NYG,2021,23,QB,3,2,27,60,210,425,7.1,111,4.1,1.9,99,3.7
Garrett Gilbert,WAS,2021,30,QB,1,1,20,31,194,197,6.4,97,4.9,3.1,97,4.9
Sean Mannion,MIN,2021,29,QB,1,1,22,36,189,226,6.3,95,4.3,2.6,94,4.3
Brandon Allen,CIN,2021,29,QB,6,1,17,34,149,169,5.0,29,1.7,0.9,120,7.1
Nick Mullens,CLE,2021,26,QB,1,1,20,30,147,204,6.8,76,3.8,2.5,71,3.6
Ian Book,NOR,2021,23,QB,1,1,12,20,135,76,3.8,54,4.5,2.7,81,6.8
Kyle Allen,WAS,2021,25,QB,2,0,12,19,120,135,7.1,74,6.2,3.9,46,3.8
Cedrick Wilson,DAL,2021,26,WR,16,4,3,3,88,67,22.3,67,22.3,22.3,21,7.0
Chad Henne,KAN,2021,36,QB,4,0,11,16,82,125,7.8,58,5.3,3.6,24,2.2
Tom Kennedy,DET,2021,25,WR,12,0,1,1,75,24,24.0,24,24.0,24.0,51,51.0
Blaine Gabbert,TAM,2021,32,QB,6,0,7,11,67,90,8.2,28,4.0,2.5,39,5.6
Tyler Boyd,CIN,2021,27,WR,16,10,1,1,46,-4,-4.0,-4,-4.0,-4.0,50,50.0
Jakobi Meyers,NWE,2021,25,WR,17,16,2,2,45,11,5.5,11,5.5,5.5,34,17.0
Mitchell Trubisky,BUF,2021,27,QB,6,0,6,8,43,41,5.1,26,4.3,3.3,17,2.8
Jack Fox,DET,2021,25,P,17,0,2,3,38,30,10.0,17,8.5,5.7,21,10.5
Chris Streveler,ARI,2021,26,QB,2,0,6,9,36,38,4.2,14,2.3,1.6,22,3.7
Justin Jefferson,MIN,2021,22,WR,17,17,2,4,35,36,9.0,7,3.5,1.8,28,14.0
CJ Beathard,JAX,2021,28,QB,2,0,2,2,33,27,13.5,27,13.5,13.5,6,3.0
Christian Kirk,ARI,2021,25,WR,17,11,1,1,33,33,33.0,33,33.0,33.0,0,0.0
Kendrick Bourne,NWE,2021,26,WR,17,5,1,1,25,22,22.0,22,22.0,22.0,3,3.0
Jacob Eason,IND,2021,24,QB,1,0,2,5,25,63,12.6,18,9.0,3.6,7,3.5
Deebo Samuel,SFO,2021,25,WR,16,15,1,2,24,39,19.5,24,24.0,12.0,0,0.0
Chris Banjo,ARI,2021,31,DB,16,0,1,1,23,19,19.0,19,19.0,19.0,4,4.0
Josh Rosen,ATL,2021,24,QB,4,0,2,11,19,121,11.0,8,4.0,0.7,11,5.5
Kadarius Toney,NYG,2021,22,WR,10,4,1,3,19,53,17.7,13,13.0,4.3,6,6.0
Dante Pettis,NYG,2021,26,WR,3,0,1,1,16,13,13.0,13,13.0,13.0,3,3.0
Courtland Sutton,DEN,2021,26,WR,17,16,1,1,16,15,15.0,15,15.0,15.0,1,1.0
Tommy Townsend,KAN,2021,25,P,16,0,1,1,16,11,11.0,11,11.0,11.0,5,5.0
Ryan Fitzpatrick,WAS,2021,39,QB,1,1,3,6,13,4,0.7,7,2.3,1.2,6,2.0
Matthias Farley,TEN,2021,29,DB,17,0,1,1,6,4,4.0,4,4.0,4.0,2,2.0
Derrick Henry,TEN,2021,27,RB,8,8,1,1,5,5,5.0,5,5.0,5.0,0,0.0
Kellen Mond,MIN,2021,22,QB,1,0,2,3,5,0,0.0,-4,-2.0,-1.3,9,4.5
John Wolford,LAR,2021,26,QB,3,0,1,4,5,19,4.8,-2,-2.0,-0.5,7,7.0
Ezekiel Elliott,DAL,2021,26,RB,17,17,1,1,4,-4,-4.0,-4,-4.0,-4.0,8,8.0
Marcus Mariota,LVR,2021,28,QB,10,0,1,2,4,31,15.5,-4,-4.0,-2.0,8,8.0
Johnny Hekker,LAR,2021,31,P,17,0,1,1,2,-4,-4.0,-4,-4.0,-4.0,6,6.0
Greg Ward,PHI,2021,26,WR,17,0,1,2,2,2,1.0,-1,-1.0,-0.5,3,3.0
Kendall Hinton,DEN,2021,24,WR,16,1,1,1,1,-5,-5.0,-5,-5.0,-5.0,6,6.0
Keenan Allen,LAC,2021,29,WR,16,16,0,1,0,14,14.0,0,,0.0,0,
Danny Amendola,HOU,2021,36,WR,8,0,0,1,0,14,14.0,0,,0.0,0,
Cole Beasley,BUF,2021,32,WR,16,8,0,1,0,19,19.0,0,,0.0,0,
Chris Boswell,PIT,2021,30,K,17,0,0,1,0,10,10.0,0,,0.0,0,
AJ Brown,TEN,2021,24,WR,13,13,0,2,0,42,21.0,0,,0.0,0,
Rex Burkhead,HOU,2021,31,RB,16,5,0,1,0,7,7.0,0,,0.0,0,
Keelan Cole,NYJ,2021,28,WR,15,11,0,1,0,8,8.0,0,,0.0,0,
Riley Dixon,NYG,2021,28,P,17,0,0,1,0,13,13.0,0,,0.0,0,
Leonard Fournette,TAM,2021,26,RB,14,13,0,1,0,0,0.0,0,,0.0,0,
Feleipe Franks,ATL,2021,24,QB,9,0,0,1,0,2,2.0,0,,0.0,0,
Mike Gesicki,MIA,2021,26,TE,17,9,0,1,0,28,28.0,0,,0.0,0,
Blake Gillikin,NOR,2021,23,P,17,0,0,1,0,9,9.0,0,,0.0,0,
Sam Koch,BAL,2021,39,P,17,0,0,1,0,10,10.0,0,,0.0,0,
Cooper Kupp,LAR,2021,28,WR,17,17,0,1,0,25,25.0,0,,0.0,0,
Ty Long,LAC,2021,28,P,17,0,0,1,0,10,10.0,0,,0.0,0,
David Montgomery,CHI,2021,24,RB,13,13,0,1,0,9,9.0,0,,0.0,0,
Cordarrelle Patterson,ATL,2021,30,RB,16,13,0,1,0,18,18.0,0,,0.0,0,
Brett Rypien,DEN,2021,25,QB,1,0,0,2,0,11,5.5,0,,0.0,0,
D'Andre Swift,DET,2021,22,RB,13,4,0,1,0,-12,-12.0,0,,0.0,0,
Albert Wilson,MIA,2021,29,WR,14,5,0,1,0,5,5.0,0,,0.0,0,
Brandon Zylstra,CAR,2021,28,WR,13,3,0,1,0,13,13.0,0,,0.0,0,
Patrick Mahomes,KAN,2022,27,QB,17,17,435,648,5250,4686,7.2,2397,5.5,3.7,2853,6.6
Justin Herbert,LAC,2022,24,QB,17,17,477,699,4739,4476,6.4,2246,4.7,3.2,2493,5.2
Tom Brady,TAM,2022,45,QB,17,17,490,733,4694,4876,6.7,2379,4.9,3.2,2315,4.7
Kirk Cousins,MIN,2022,34,QB,17,17,424,643,4547,4800,7.5,2569,6.1,4.0,1978,4.7
Joe Burrow,CIN,2022,26,QB,16,16,414,606,4475,4121,6.8,2319,5.6,3.8,2156,5.2
Jared Goff,DET,2022,28,QB,17,17,382,587,4438,4106,7.0,2151,5.6,3.7,2287,6.0
Josh Allen,BUF,2022,26,QB,16,16,359,567,4283,5205,9.2,2691,7.5,4.7,1592,4.4
Geno Smith,SEA,2022,32,QB,17,17,399,572,4282,4325,7.6,2506,6.3,4.4,1776,4.5
Trevor Lawrence,JAX,2022,23,QB,17,17,387,584,4113,4328,7.4,2111,5.5,3.6,2002,5.2
Jalen Hurts,PHI,2022,24,QB,15,15,306,460,3701,3714,8.1,1928,6.3,4.2,1773,5.8
Aaron Rodgers,GNB,2022,39,QB,17,17,350,542,3695,4341,8.0,1816,5.2,3.4,1879,5.4
Tua Tagovailoa,MIA,2022,24,QB,13,13,259,400,3548,3790,9.5,2267,8.8,5.7,1281,4.9
Russell Wilson,DEN,2022,34,QB,15,15,292,483,3524,4270,8.8,1803,6.2,3.7,1721,5.9
Derek Carr,LVR,2022,31,QB,15,15,305,502,3522,4589,9.1,2009,6.6,4.0,1513,5.0
Daniel Jones,NYG,2022,25,QB,16,16,317,472,3205,3024,6.4,1609,5.1,3.4,1596,5.0
Davis Mills,HOU,2022,24,QB,15,15,292,479,3118,3680,7.7,1588,5.4,3.3,1530,5.2
Matt Ryan,IND,2022,37,QB,12,12,309,461,3057,2763,6.0,1643,5.3,3.6,1414,4.6
Mac Jones,NWE,2022,24,QB,14,14,288,442,2997,3474,7.9,1566,5.4,3.5,1431,5.0
Andy Dalton,NOR,2022,35,QB,14,14,252,378,2871,2974,7.9,1543,6.1,4.1,1328,5.3
Dak Prescott,DAL,2022,29,QB,12,12,261,394,2860,3240,8.2,1656,6.3,4.2,1204,4.6
Jacoby Brissett,CLE,2022,30,QB,16,11,236,369,2608,3154,8.5,1513,6.4,4.1,1095,4.6
Ryan Tannehill,TEN,2022,34,QB,12,12,212,325,2536,2518,7.7,1363,6.4,4.2,1173,5.5
Jimmy Garoppolo,SFO,2022,31,QB,11,10,207,308,2437,2115,6.9,990,4.8,3.2,1447,7.0
Kenny Pickett,PIT,2022,24,QB,13,12,245,389,2404,2923,7.5,1331,5.4,3.4,1073,4.4
Kyler Murray,ARI,2022,25,QB,11,11,259,390,2368,2673,6.9,1114,4.3,2.9,1254,4.8
Justin Fields,CHI,2022,23,QB,15,15,192,318,2242,2900,9.1,1285,6.7,4.0,957,5.0
Lamar Jackson,BAL,2022,25,QB,12,12,203,326,2242,2719,8.3,1271,6.3,3.9,971,4.8
Marcus Mariota,ATL,2022,29,QB,13,13,184,300,2219,3109,10.4,1319,7.2,4.4,900,4.9
Baker Mayfield,"2TM",2022,27,QB,12,10,201,335,2163,2271,6.8,1031,5.1,3.1,1132,5.6
Matthew Stafford,LAR,2022,34,QB,9,9,206,303,2087,2018,6.7,959,4.7,3.2,1128,5.5
Taylor Heinicke,WAS,2022,29,QB,9,9,161,259,1859,2099,8.1,1075,6.7,4.2,784,4.9
Carson Wentz,WAS,2022,30,QB,8,7,172,276,1755,2156,7.8,929,5.4,3.4,826,4.8
Zach Wilson,NYJ,2022,23,QB,9,9,132,242,1688,2180,9.0,878,6.7,3.6,810,6.1
Brock Purdy,SFO,2022,23,QB,9,5,114,170,1374,1119,6.6,668,5.9,3.9,706,6.2
Mitchell Trubisky,PIT,2022,28,QB,7,5,117,180,1252,1730,9.6,870,7.4,4.8,382,3.3
Mike White,NYJ,2022,27,QB,4,4,103,175,1192,1299,7.4,624,6.1,3.6,568,5.5
Sam Darnold,CAR,2022,25,QB,6,6,82,140,1143,1103,7.9,553,6.7,4.0,590,7.2
Deshaun Watson,CLE,2022,27,QB,6,6,99,170,1102,1207,7.1,558,5.6,3.3,544,5.5
Joe Flacco,NYJ,2022,37,QB,5,4,110,191,1051,1491,7.8,587,5.3,3.1,464,4.2
Cooper Rush,DAL,2022,29,QB,9,5,94,162,1051,1257,7.8,596,6.3,3.7,455,4.8
Jameis Winston,NOR,2022,28,QB,3,3,73,115,858,1315,11.4,651,8.9,5.7,207,2.8
Bailey Zappe,NWE,2022,23,QB,4,2,65,92,781,638,6.9,411,6.3,4.5,370,5.7
Colt McCoy,ARI,2022,36,QB,4,3,90,132,780,801,6.1,412,4.6,3.1,368,4.1
PJ Walker,CAR,2022,27,QB,6,5,63,106,731,864,8.2,323,5.1,3.0,408,6.5
Desmond Ridder,ATL,2022,23,QB,4,4,73,115,708,902,7.8,379,5.2,3.3,329,4.5
Teddy Bridgewater,MIA,2022,30,QB,5,2,49,79,683,664,8.4,376,7.7,4.8,307,6.3
Gardner Minshew,PHI,2022,26,QB,5,2,44,76,663,699,9.2,412,9.4,5.4,251,5.7
Tyler Huntley,BAL,2022,24,QB,6,4,75,112,658,826,7.4,408,5.4,3.6,250,3.3
Jarrett Stidham,LVR,2022,26,QB,5,2,53,83,656,755,9.1,395,7.5,4.8,261,4.9
Sam Ehlinger,IND,2022,24,QB,4,3,64,101,573,722,7.1,279,4.4,2.8,294,4.6
Skylar Thompson,MIA,2022,25,QB,7,2,60,105,534,783,7.5,326,5.4,3.1,208,3.5
Brett Rypien,DEN,2022,26,QB,4,2,53,88,483,734,8.3,216,4.1,2.5,267,5.0
Kyle Allen,HOU,2022,26,QB,2,2,46,78,416,553,7.1,170,3.7,2.2,246,5.3
Trace McSorley,ARI,2022,27,QB,6,1,45,83,412,644,7.8,205,4.6,2.5,207,4.6
Joshua Dobbs,TEN,2022,27,QB,2,2,40,68,411,525,7.7,198,5.0,2.9,213,5.3
David Blough,ARI,2022,27,QB,2,2,38,58,402,481,8.3,177,4.7,3.1,225,5.9
John Wolford,LAR,2022,27,QB,3,3,38,62,390,504,8.1,192,5.1,3.1,198,5.2
Anthony Brown,BAL,2022,24,QB,2,1,22,49,302,401,8.2,160,7.3,3.3,142,6.5
Malik Willis,TEN,2022,23,QB,8,3,31,61,276,495,8.1,126,4.1,2.1,150,4.8
Taysom Hill,NOR,2022,32,TE/QB,16,8,13,19,240,254,13.4,138,10.6,7.3,102,7.8
Nick Foles,IND,2022,33,QB,3,2,25,42,224,343,8.2,134,5.4,3.2,90,3.6
Nick Mullens,MIN,2022,27,QB,4,0,21,25,224,170,6.8,107,5.1,4.3,117,5.6
Jordan Love,GNB,2022,24,QB,4,0,14,21,195,151,7.2,78,5.6,3.7,117,8.4
Trey Lance,SFO,2022,22,QB,2,2,15,31,194,207,6.7,114,7.6,3.7,80,5.3
Trevor Siemian,CHI,2022,31,QB,2,1,15,26,184,171,6.6,68,4.5,2.6,116,7.7
Sam Howell,WAS,2022,22,QB,1,1,11,19,169,160,8.4,94,8.5,4.9,75,6.8
Davis Webb,NYG,2022,27,QB,1,1,23,40,168,204,5.1,92,4.0,2.3,76,3.3
Bryce Perkins,LAR,2022,26,QB,5,1,19,34,161,196,5.8,96,5.1,2.8,65,3.4
Nathan Peterman,CHI,2022,28,QB,3,1,14,25,139,265,10.6,95,6.8,3.8,44,3.1
Jeff Driskel,HOU,2022,29,QB,7,2,14,20,108,45,2.3,29,2.1,1.5,79,5.6
Chris Streveler,NYJ,2022,27,QB,2,1,10,15,90,131,8.7,73,7.3,4.9,17,1.7
Jacob Eason,CAR,2022,25,QB,1,0,3,5,59,20,4.0,9,3.0,1.8,50,16.7
Tyrod Taylor,NYG,2022,33,QB,3,0,6,8,58,99,12.4,32,5.3,4.0,26,4.3
Chase Daniel,LAC,2022,36,QB,4,0,8,12,52,17,1.4,-11,-1.4,-0.9,63,7.9
Brian Hoyer,NWE,2022,37,QB,1,1,5,6,37,28,4.7,15,3.0,2.5,22,4.4
CJ Beathard,JAX,2022,29,QB,4,0,7,11,35,57,5.2,15,2.1,1.4,20,2.9
Justin Jefferson,MIN,2022,23,WR,17,17,2,2,34,3,1.5,3,1.5,1.5,31,15.5
Christian McCaffrey,"2TM",2022,26,RB,17,16,1,1,34,31,31.0,31,31.0,31.0,3,3.0
Tim Boyle,CHI,2022,28,QB,1,0,2,8,33,101,12.6,1,0.5,0.1,32,16.0
Blaine Gabbert,TAM,2022,33,QB,1,0,6,8,29,20,2.5,-8,-1.3,-1.0,37,6.2
Tyler Boyd,CIN,2022,28,WR,16,14,1,1,23,21,21.0,21,21.0,21.0,2,2.0
Kyle Trask,TAM,2022,24,QB,1,0,3,9,23,99,11.0,3,1.0,0.3,20,6.7
Brandon Allen,CIN,2022,30,QB,1,0,3,3,22,10,3.3,10,3.3,3.3,12,4.0
Riley Dixon,LAR,2022,29,P,17,0,2,2,18,10,5.0,10,5.0,5.0,8,4.0
Braden Mann,NYJ,2022,25,P,17,0,1,2,17,8,4.0,8,8.0,4.0,9,9.0
Ryan Wright,MIN,2022,22,P,17,0,1,2,13,21,10.5,13,13.0,6.5,0,0.0
Josh Johnson,SFO,2022,36,QB,2,0,1,2,10,2,1.0,6,6.0,3.0,4,4.0
Case Keenum,BUF,2022,34,QB,2,0,2,7,8,57,8.1,3,1.5,0.4,5,2.5
Jack Fox,DET,2022,26,P,17,0,1,1,6,6,6.0,6,6.0,6.0,0,0.0
Najee Harris,PIT,2022,24,RB,17,17,1,1,4,-4,-4.0,-4,-4.0,-4.0,8,8.0
Derrick Henry,TEN,2022,28,RB,16,16,2,2,4,3,1.5,3,1.5,1.5,1,0.5
Mack Hollins,LVR,2022,29,WR,17,16,1,1,4,-6,-6.0,-6,-6.0,-6.0,10,10.0
Andy Lee,ARI,2022,40,P,17,0,1,1,4,0,0.0,0,0.0,0.0,4,4.0
Braxton Berrios,NYJ,2022,27,WR,17,2,1,1,2,2,2.0,2,2.0,2.0,0,0.0
Chase Claypool,"2TM",2022,24,WR,15,11,1,1,1,1,1.0,1,1.0,1.0,0,0.0
Rex Burkhead,HOU,2022,32,RB,16,0,0,1,0,7,7.0,0,,0.0,0,
Amari Cooper,CLE,2022,28,WR,17,17,0,1,0,18,18.0,0,,0.0,0,
DeeJay Dallas,SEA,2022,24,RB,15,0,0,1,0,10,10.0,0,,0.0,0,
Phillip Dorsett,HOU,2022,29,WR,15,4,0,1,0,12,12.0,0,,0.0,0,
Leonard Fournette,TAM,2022,27,RB,16,9,0,1,0,16,16.0,0,,0.0,0,
Chad Henne,KAN,2022,37,QB,3,0,0,2,0,-4,-2.0,0,,0.0,0,
Christian Kirk,JAX,2022,26,WR,17,17,0,1,0,1,1.0,0,,0.0,0,
Cooper Kupp,LAR,2022,29,WR,9,9,0,1,0,25,25.0,0,,0.0,0,
James Proche,BAL,2022,26,WR,15,0,0,1,0,33,33.0,0,,0.0,0,
Tommy Townsend,KAN,2022,26,P,17,0,0,1,0,1,1.0,0,,0.0,0,
Garrett Wilson,NYJ,2022,22,WR,17,12,0,1,0,9,9.0,0,,0.0,0,
Tua Tagovailoa,MIA,2023,25,QB,17,17,388,560,4624,4290,7.7,2447,6.3,4.4,2177,5.6
Jared Goff,DET,2023,29,QB,17,17,407,605,4575,4064,6.7,2428,6.0,4.0,2147,5.3
Dak Prescott,DAL,2023,30,QB,17,17,410,590,4516,4585,7.8,2553,6.2,4.3,1963,4.8
Josh Allen,BUF,2023,27,QB,17,17,385,579,4306,5032,8.7,2337,6.1,4.0,1969,5.1
Brock Purdy,SFO,2023,24,QB,16,16,308,444,4280,3623,8.2,2226,7.2,5.0,2054,6.7
Patrick Mahomes,KAN,2023,28,QB,16,16,401,597,4183,3876,6.5,1631,4.1,2.7,2552,6.4
Jordan Love,GNB,2023,25,QB,17,17,372,579,4159,4902,8.5,2242,6.0,3.9,1917,5.2
CJ Stroud,HOU,2023,22,QB,15,15,319,499,4108,4484,9.0,2346,7.4,4.7,1762,5.5
Baker Mayfield,TAM,2023,28,QB,17,17,364,566,4044,4831,8.5,2103,5.8,3.7,1941,5.3
Trevor Lawrence,JAX,2023,24,QB,16,16,370,564,4016,4633,8.2,2244,6.1,4.0,1772,4.8
Matthew Stafford,LAR,2023,35,QB,15,15,326,521,3965,4033,7.7,2075,6.4,4.0,1890,5.8
Sam Howell,WAS,2023,23,QB,17,17,388,612,3946,4603,7.5,1927,5.0,3.1,2019,5.2
Derek Carr,NOR,2023,32,QB,17,17,375,548,3878,4280,7.8,2182,5.8,4.0,1696,4.5
Jalen Hurts,PHI,2023,25,QB,17,17,352,538,3858,4656,8.7,2161,6.1,4.0,1697,4.8
Lamar Jackson,BAL,2023,26,QB,16,16,307,457,3678,3831,8.4,1926,6.3,4.2,1752,5.7
Geno Smith,SEA,2023,33,QB,15,15,323,499,3624,3500,7.0,1910,5.9,3.8,1714,5.3
Gardner Minshew,IND,2023,27,QB,17,13,305,490,3305,3580,7.3,1739,5.7,3.5,1566,5.1
Justin Herbert,LAC,2023,25,QB,13,13,297,456,3134,3479,7.6,1571,5.3,3.4,1563,5.3
Russell Wilson,DEN,2023,35,QB,15,15,297,447,3070,3193,7.1,1335,4.5,3.0,1735,5.8
Bryce Young,CAR,2023,22,QB,16,16,315,527,2877,3980,7.6,1572,5.0,3.0,1305,4.1
Desmond Ridder,ATL,2023,24,QB,15,13,249,388,2836,3183,8.2,1614,6.5,4.2,1222,4.9
Justin Fields,CHI,2023,24,QB,13,13,227,370,2562,2966,8.0,1338,5.9,3.6,1224,5.4
Joshua Dobbs,"2TM",2023,28,QB,13,12,262,417,2464,3307,7.9,1452,5.5,3.5,1012,3.9
Kirk Cousins,MIN,2023,35,QB,8,8,216,311,2331,2256,7.3,1340,6.2,4.3,991,4.6
Joe Burrow,CIN,2023,27,QB,10,10,244,365,2309,2315,6.3,1070,4.4,2.9,1239,5.1
Zach Wilson,NYJ,2023,24,QB,12,11,221,368,2271,2672,7.3,1158,5.2,3.1,1113,5.0
Aidan O'Connell,LVR,2023,25,QB,11,10,213,343,2218,2567,7.5,1155,5.4,3.4,1063,5.0
Mac Jones,NWE,2023,25,QB,11,11,224,345,2120,2390,6.9,905,4.0,2.6,1215,5.4
Kenny Pickett,PIT,2023,25,QB,12,12,201,324,2070,2284,7.0,1020,5.1,3.1,1050,5.2
Jake Browning,CIN,2023,27,QB,9,7,171,243,1936,1563,6.4,827,4.8,3.4,1109,6.5
Will Levis,TEN,2023,24,QB,9,9,149,255,1808,2695,10.6,1062,7.1,4.2,746,5.0
Kyler Murray,ARI,2023,26,QB,8,8,176,268,1799,1955,7.3,822,4.7,3.1,977,5.6
Joe Flacco,CLE,2023,38,QB,5,5,123,204,1616,1900,9.3,938,7.6,4.6,678,5.5
Ryan Tannehill,TEN,2023,35,QB,10,8,149,230,1616,1817,7.9,821,5.5,3.6,795,5.3
Tyrod Taylor,NYG,2023,34,QB,11,5,116,180,1341,1546,8.6,763,6.6,4.2,578,5.0
Nick Mullens,MIN,2023,28,QB,5,3,100,148,1306,1380,9.3,829,8.3,5.6,477,4.8
Bailey Zappe,NWE,2023,24,QB,10,6,127,212,1272,1680,7.9,631,5.0,3.0,641,5.0
Jimmy Garoppolo,LVR,2023,32,QB,7,6,110,169,1205,1380,8.2,737,6.7,4.4,468,4.3
Easton Stick,LAC,2023,28,QB,5,4,111,174,1129,1204,6.9,548,4.9,3.1,581,5.2
Deshaun Watson,CLE,2023,28,QB,6,6,105,171,1115,1566,9.2,616,5.9,3.6,499,4.8
Tommy DeVito,NYG,2023,25,QB,9,6,114,178,1101,1161,6.5,518,4.5,2.9,583,5.1
Daniel Jones,NYG,2023,26,QB,6,6,108,160,909,1083,6.8,469,4.3,2.9,440,4.1
Taylor Heinicke,ATL,2023,30,QB,5,4,74,136,890,1137,8.4,383,5.2,2.8,507,6.9
Tyson Bagent,CHI,2023,23,QB,5,4,94,143,859,835,5.8,362,3.9,2.5,497,5.3
Trevor Siemian,NYJ,2023,32,QB,5,3,86,153,724,820,5.4,254,3.0,1.7,470,5.5
Mason Rudolph,PIT,2023,28,QB,4,3,55,74,719,518,7.0,293,5.3,4.0,426,7.7
PJ Walker,CLE,2023,28,QB,6,2,54,111,674,890,8.0,276,5.1,2.5,398,7.4
Mitchell Trubisky,PIT,2023,29,QB,5,2,67,107,632,983,9.2,358,5.3,3.3,274,4.1
Anthony Richardson,IND,2023,21,QB,4,4,50,84,577,668,8.0,280,5.6,3.3,297,5.9
Drew Lock,SEA,2023,27,QB,4,2,48,76,543,621,8.2,238,5.0,3.1,305,6.4
Jarrett Stidham,DEN,2023,27,QB,3,2,40,66,496,577,8.7,162,4.1,2.5,334,8.4
Dorian Thompson-Robinson,CLE,2023,24,QB,8,3,60,112,440,662,5.9,236,3.9,2.1,204,3.4
Andy Dalton,CAR,2023,36,QB,3,1,34,58,361,478,8.2,233,6.9,4.0,128,3.8
Tim Boyle,NYJ,2023,29,QB,3,2,48,77,360,474,6.2,170,3.5,2.2,190,4.0
CJ Beathard,JAX,2023,30,QB,7,1,40,53,349,351,6.6,199,5.0,3.8,150,3.8
Sam Darnold,SFO,2023,26,QB,10,1,28,46,297,371,8.1,142,5.1,3.1,155,5.5
Case Keenum,HOU,2023,35,QB,2,2,34,53,291,389,7.3,151,4.4,2.8,140,4.1
Jameis Winston,NOR,2023,29,QB,7,0,25,47,264,603,12.8,179,7.2,3.8,85,3.4
Brian Hoyer,LVR,2023,38,QB,3,1,23,42,231,344,8.2,151,6.6,3.6,80,3.5
Jacoby Brissett,WAS,2023,31,QB,3,0,18,23,224,178,7.7,154,8.6,6.7,70,3.9
Tyler Huntley,BAL,2023,25,QB,5,1,21,37,203,249,6.7,125,6.0,3.4,78,3.7
Blaine Gabbert,KAN,2023,34,QB,2,1,18,35,185,189,5.4,67,3.7,1.9,118,6.6
Davis Mills,HOU,2023,25,QB,6,0,18,39,173,305,7.8,99,5.5,2.5,74,4.1
Brett Rypien,LAR,2023,27,QB,2,1,18,38,172,323,8.5,88,4.9,2.3,84,4.7
Jaren Hall,MIN,2023,25,QB,3,2,13,20,168,156,7.8,69,5.3,3.5,99,7.6
Jeff Driskel,CLE,2023,30,QB,1,1,13,26,166,232,8.9,92,7.1,3.5,74,5.7
Marcus Mariota,PHI,2023,30,QB,3,0,15,23,164,178,7.7,92,6.1,4.0,72,4.8
Carson Wentz,LAR,2023,31,QB,2,1,17,24,163,159,6.6,98,5.8,4.1,65,3.8
Cooper Rush,DAL,2023,30,QB,7,0,18,24,144,215,9.0,64,3.6,2.7,80,4.4
Taysom Hill,NOR,2023,33,QB,16,7,6,11,83,126,11.5,65,10.8,5.9,18,3.0
Mike White,MIA,2023,28,QB,6,0,5,6,74,23,3.8,23,4.6,3.8,51,10.2
Malik Willis,TEN,2023,24,QB,3,0,4,5,74,39,7.8,19,4.8,3.8,55,13.8
Clayton Tune,ARI,2023,24,QB,7,1,12,21,62,53,2.5,19,1.6,0.9,43,3.6
Keenan Allen,LAC,2023,31,WR,13,13,1,2,49,39,19.5,22,22.0,11.0,27,27.0
Sean Clifford,GNB,2023,25,QB,2,0,1,1,37,34,34.0,34,34.0,34.0,3,3.0
Jalen Reeves-Maybin,DET,2023,28,LB,17,0,1,1,31,22,22.0,22,22.0,22.0,9,9.0
Braden Mann,PHI,2023,26,P,15,0,1,1,28,11,11.0,11,11.0,11.0,17,17.0
Logan Woodside,ATL,2023,28,QB,1,0,3,4,27,6,1.5,-2,-0.7,-0.5,29,9.7
Drake London,ATL,2023,22,WR,16,16,1,1,22,12,12.0,12,12.0,12.0,10,10.0
AJ McCarron,CIN,2023,33,QB,2,0,4,5,19,-8,-1.6,-1,-0.3,-0.2,20,5.0
Thomas Morstead,NYJ,2023,37,P,17,0,1,1,18,10,10.0,10,10.0,10.0,8,8.0
Kenneth Gainwell,PHI,2023,24,RB,16,2,1,1,17,17,17.0,17,17.0,17.0,0,0.0
Derrick Henry,TEN,2023,29,RB,17,17,2,3,14,27,9.0,14,7.0,4.7,0,0.0
Dontayvion Wicks,GNB,2023,22,WR,15,6,1,1,14,9,9.0,9,9.0,9.0,5,5.0
Logan Cooke,JAX,2023,28,P,17,0,1,1,13,4,4.0,4,4.0,4.0,9,9.0
Jakobi Meyers,LVR,2023,27,WR,16,16,2,3,12,12,4.0,12,6.0,4.0,0,0.0
Tommy Townsend,KAN,2023,27,P,17,0,1,1,11,11,11.0,11,11.0,11.0,0,0.0
Johnny Hekker,CAR,2023,33,P,17,0,1,1,7,-4,-4.0,-4,-4.0,-4.0,11,11.0
Devin Singletary,HOU,2023,26,RB,17,10,1,1,6,6,6.0,6,6.0,6.0,0,0.0
Dyami Brown,WAS,2023,24,WR,17,1,1,1,4,1,1.0,1,1.0,1.0,3,3.0
Jerick McKinnon,KAN,2023,31,RB,12,0,1,1,4,-3,-3.0,-3,-3.0,-3.0,7,7.0
Tyler Boyd,CIN,2023,29,WR,17,13,0,1,0,-8,-8.0,0,,0.0,0,
Chris Godwin,TAM,2023,27,WR,17,17,0,1,0,18,18.0,0,,0.0,0,
Connor Heyward,PIT,2023,24,TE,17,7,0,1,0,-4,-4.0,0,,0.0,0,
DeAndre Hopkins,TEN,2023,31,WR,17,16,0,1,0,-1,-1.0,0,,0.0,0,
Justin Jefferson,MIN,2023,24,WR,10,9,0,1,0,20,20.0,0,,0.0,0,
Aaron Rodgers,NYJ,2023,40,QB,1,1,0,1,0,17,17.0,0,,0.0,0,
Deebo Samuel,SFO,2023,27,WR,15,15,0,1,0,11,11.0,0,,0.0,0,
Jonnu Smith,ATL,2023,28,TE,17,6,0,1,0,7,7.0,0,,0.0,0,
Kadarius Toney,KAN,2023,24,WR,13,2,0,1,0,16,16.0,0,,0.0,0,
Kyle Trask,TAM,2023,25,QB,2,0,0,1,0,3,3.0,0,,0.0,0,
Garrett Wilson,NYJ,2023,23,WR,17,17,0,1,0,10,10.0,0,,0.0,0,
Christian Kirk,JAX,2023,27,WR,12,12,1,2,-1,25,12.5,-1,-1.0,-0.5,0,0.0
Ja'Marr Chase,CIN,2023,23,WR,16,16,1,1,-7,-7,-7.0,-7,-7.0,-7.0,0,0.0
