"Player","Tm","year","rush_Age","rush_Pos","rush_G","rush_GS","rush_Att","rush_Yds","rush_TD","rush_1D","rush_YBC","rush_YBC/Att","rush_YAC","rush_YAC/Att","rush_BrkTkl","rush_Att/Br","rec_Tgt","rec_Rec","rec_Yds","rec_TD","rec_1D","rec_YBC","rec_YBC/R","rec_YAC","rec_YAC/R","rec_ADOT","rec_BrkTkl","rec_Rec/Br","rec_Drop","rec_Drop%","rec_Int","rec_Rat","rz_ATT","rz_YDS_rush","rz_Y/A","rz_TD_rush","rz_PCT","rz_REC","rz_TGT","rz_REC PCT","rz_YDS_rec","rz_Y/R","rz_TD_rec","rz_TGT PCT","rz_TD_total","rz_YDS_total","ADP","PPR_PTS","rank_total_ppr_points","rank_adp","breakout_score"
James White,NWE,2018,26,RB,16,3,94,425,5,22,298,3.2,127,1,3,31,123,87,751,7,38,86,1.0,665,7.6,2.4,3,29.0,5,4,1,102.0,21,30,1.4,3,"26.3%",14,20,"70.0%",88,6.3,6,"66.7%",9,118,116.0,276.6,7,38,31
Tarik Cohen,CHI,2018,23,RB,16,7,99,444,3,20,301,3.0,143,1,9,11,91,71,725,5,29,205,2.9,520,7.3,3.6,9,7.9,1,1,2,109.0,11,51,4.6,1,"26.2%",11,14,"78.6%",76,6.9,4,"66.7%",5,127,85.6,233.9,10,30,20
Jalen Richard,OAK,2018,25,RB,16,1,55,259,1,11,120,2.2,139,2,8,6,81,68,607,0,23,112,1.6,495,7.3,1.7,3,22.7,3,3,0,97.9,8,34,4.3,1,"12.9%",3,4,"75.0%",20,6.7,0,"33.3%",1,54,314.0,156.6,28,76,48
Nyheim Hines,IND,2018,22,RB,16,4,85,314,2,17,163,1.9,151,1,3,28,81,63,425,2,29,76,1.2,349,5.5,2.1,3,21.0,4,4,2,86.5,22,54,2.5,2,"36.7%",8,9,"88.9%",47,5.9,2,"56.3%",4,101,178.7,160.9,26,57,31
Theo Riddick,DET,2018,27,RB,14,3,40,171,0,8,92,2.3,79,2,4,10,74,61,384,0,16,-22,-0.4,406,6.7,0.7,3,20.3,6,8,1,82.7,8,21,2.6,0,"14.3%",8,10,"80.0%",39,4.9,0,"55.6%",0,60,154.4,116.5,42,50,8
James Conner,PIT,2018,23,RB,13,12,215,973,12,56,522,2.4,451,2,20,10,71,55,497,1,20,-51,-0.9,548,10.0,-0.3,5,11.0,4,5,0,100.5,34,90,2.6,10,"75.6%",6,7,"85.7%",36,6.0,1,"53.8%",11,126,169.2,280.0,6,54,48
TJ Yeldon,JAX,2018,25,RB,14,5,104,414,1,16,229,2.2,185,1,5,20,78,55,487,4,20,37,0.7,450,8.2,0.7,5,11.0,8,10,3,87.9,12,44,3.7,1,"33.3%",3,6,"50.0%",21,7.0,3,"50.0%",4,65,195.3,173.1,21,59,38
Austin Ekeler,LAC,2018,23,RB,14,3,106,554,3,25,206,1.9,348,3,9,11,53,39,404,3,18,-7,-0.2,411,10.5,0.8,7,5.6,2,3,0,114.0,15,43,2.9,2,"31.9%",4,5,"80.0%",28,7.0,1,"25.0%",3,71,178.3,168.8,24,56,32
Jacquizz Rodgers,TAM,2018,28,RB,16,0,33,106,1,7,54,1.6,52,1,2,16,45,38,304,0,13,64,1.7,240,6.3,1.8,5,7.6,0,0,1,85.6,4,13,3.3,1,"8.9%",5,6,"83.3%",28,5.6,0,"37.5%",1,41,316.0,83.0,59,77,18
Phillip Lindsay,DEN,2018,24,RB,15,8,192,1037,9,49,737,3.8,300,1,10,19,47,35,241,1,12,-57,-1.6,298,8.5,-0.9,1,35.0,4,8,0,92.6,29,87,3.0,6,"59.2%",4,5,"80.0%",23,5.8,0,"45.5%",6,110,323.5,222.8,12,80,68
Mike Davis,SEA,2018,25,RB,15,2,112,514,4,25,328,2.9,186,1,7,16,42,34,214,1,10,-21,-0.6,235,6.9,0.1,5,6.8,4,9,0,95.8,20,76,3.8,3,"28.6%",1,1,"100.0%",3,3.0,1,"16.7%",4,79,389.0,136.8,35,86,51
Tevin Coleman,ATL,2018,25,RB,16,14,167,800,4,36,497,3.0,303,1,6,27,44,32,276,5,15,1,0.0,275,8.6,0.5,2,16.0,3,6,0,126.7,16,39,2.4,1,"38.1%",8,10,"80.0%",51,6.4,4,"62.5%",5,90,71.8,193.6,17,25,8
Wendell Smallwood,PHI,2018,24,RB,16,6,87,364,3,22,186,2.1,178,2,5,17,35,28,230,2,9,4,0.1,226,8.1,0.3,1,28.0,2,5,0,113.1,14,43,3.1,3,"22.2%",3,5,"60.0%",28,9.3,1,"38.5%",4,71,332.0,117.4,41,82,41
Matt Breida,SFO,2018,23,RB,14,13,153,814,3,36,496,3.2,318,2,12,12,31,27,261,2,12,26,1.0,235,8.7,2.2,3,9.0,0,0,0,123.3,23,62,2.7,2,"38.3%",4,4,"100.0%",37,9.3,2,"26.7%",4,99,134.8,162.5,25,43,18
Ito Smith,ATL,2018,23,RB,14,0,90,315,4,18,169,1.9,146,1,8,11,32,27,152,0,9,-8,-0.3,160,5.9,-0.3,5,5.4,1,3,0,86.5,21,58,2.8,4,"50.0%",3,4,"75.0%",21,7.0,0,"25.0%",4,79,999.0,97.7,49,90,41
Aaron Jones,GNB,2018,24,RB,12,8,133,728,8,41,472,3.5,256,1,6,22,35,26,206,1,12,-15,-0.6,221,8.5,0.3,2,13.0,4,11,0,98.0,18,88,4.9,6,"47.4%",2,3,"66.7%",9,4.5,0,"30.0%",6,97,116.8,171.4,23,39,16
Jaylen Samuels,PIT,2018,22,RB,14,3,56,256,0,13,148,2.6,108,1,2,28,29,26,199,3,10,-16,-0.6,215,8.3,0.1,6,4.3,0,0,0,129.7,7,19,2.7,0,"15.6%",5,5,"100.0%",35,7.0,3,"38.5%",3,54,273.0,89.5,55,70,15
Damien Williams,KAN,2018,26,RB,16,3,50,256,4,15,155,3.1,101,2,1,50,24,23,160,2,9,-48,-2.1,208,9.0,-1.8,1,23.0,0,0,0,122.2,7,24,3.4,3,"14.6%",7,7,"100.0%",24,3.4,2,"31.8%",5,48,999.0,98.6,47,91,44
Latavius Murray,MIN,2018,28,RB,16,6,140,578,6,23,289,2.1,289,2,8,17,26,22,141,0,7,26,1.2,115,5.2,1.1,3,7.3,2,7,1,73.2,21,52,2.5,4,"53.8%",2,2,"100.0%",10,5.0,0,"28.6%",4,62,142.6,131.9,37,47,10
Alfred Blue,HOU,2018,27,RB,16,2,150,499,2,25,307,2.0,192,1,7,21,27,20,154,0,4,47,2.4,107,5.4,2.7,2,10.0,1,3,0,87.6,14,16,1.1,2,"31.8%",2,3,"66.7%",7,3.5,0,"50.0%",2,23,321.7,97.3,50,79,29
Chris Carson,SEA,2018,24,RB,14,14,247,1151,9,61,556,2.3,595,2,23,10,24,20,163,0,7,0,0.0,163,8.2,0.0,2,10.0,1,4,0,95.0,40,101,2.5,8,"57.1%",3,3,"100.0%",15,5.0,0,"50.0%",8,116,90.4,201.4,14,32,18
Nick Chubb,CLE,2018,23,RB,16,9,192,996,8,47,398,2.1,598,3,22,8,29,20,149,2,5,-32,-1.6,181,9.1,1.6,0,,3,10,0,104.0,26,57,2.2,5,"50.0%",4,4,"100.0%",39,9.8,2,"30.8%",7,96,127.4,194.5,16,41,25
Adrian Peterson,WAS,2018,33,RB,16,16,251,1042,7,47,572,2.3,470,1,20,12,26,20,208,1,9,7,0.4,201,10.1,0.3,7,2.9,3,11,0,112.3,31,55,1.8,5,"73.8%",2,3,"66.7%",15,7.5,1,"33.3%",6,70,125.4,189.0,18,40,22
Elijah McGuire,NYJ,2018,24,RB,8,3,92,276,3,15,100,1.1,176,1,5,18,31,19,193,1,10,34,1.8,159,8.4,4.9,5,3.8,4,12,0,89.9,12,28,2.3,3,"28.6%",1,2,"50.0%",20,20.0,1,"40.0%",4,48,280.5,85.9,58,72,14
Doug Martin,OAK,2018,29,RB,16,9,172,723,4,37,376,2.2,347,2,10,17,24,18,116,0,6,22,1.2,94,5.2,0.9,1,18.0,2,8,0,84.7,31,91,2.9,3,"50.0%",1,2,"50.0%",6,6.0,0,"16.7%",3,97,173.3,119.9,40,55,15
Trenton Cannon,NYJ,2018,24,RB,16,0,38,113,1,7,26,0.7,87,2,5,7,25,17,144,0,4,26,1.5,118,6.9,6.3,1,17.0,3,12,1,66.1,4,7,1.8,1,"9.5%",0,1,"0.0%",0,0.0,0,"20.0%",1,7,367.0,48.7,77,85,8
Marlon Mack,IND,2018,22,RB,12,10,195,908,9,50,490,2.5,418,2,10,19,26,17,103,1,3,-23,-1.4,126,7.4,-1.1,0,,3,11,1,69.9,32,96,3.0,8,"53.3%",2,2,"100.0%",11,5.5,0,"12.5%",8,107,104.8,178.1,20,34,14
Kapri Bibbs,"2TM",2018,25,RB,12,0,21,103,3,8,71,3.4,32,1,2,10,23,16,115,1,4,7,0.4,108,6.8,1.7,0,,3,13,2,59.1,7,23,3.3,3,"16.7%",0,0,"0%",0,0.0,0,"0.0%",3,23,999.0,61.8,69,92,23
Justin Jackson,LAC,2018,22,RB,13,1,50,206,2,13,107,2.1,99,2,5,10,19,15,135,0,5,-17,-1.1,152,10.1,-1.0,1,15.0,1,5,0,96.3,5,30,6.0,2,"10.6%",0,2,"0.0%",0,0.0,0,"10.0%",2,30,999.0,61.1,70,93,23
Frank Gore,MIA,2018,35,RB,14,14,156,722,0,25,353,2.3,369,2,11,14,16,12,124,1,8,9,0.8,115,9.6,1.3,5,2.4,0,0,0,117.7,13,41,3.2,0,"46.4%",3,3,"100.0%",22,7.3,1,"25.0%",1,63,208.7,102.6,45,60,15
Jeff Wilson,SFO,2018,23,RB,6,2,66,266,0,13,131,2.0,135,2,4,16,15,12,98,0,5,1,0.1,97,8.1,0.5,1,12.0,1,6,1,66.1,11,48,4.4,0,"18.3%",4,5,"80.0%",18,4.5,0,"33.3%",0,66,999.0,44.4,79,94,15
Anthony Sherman,KAN,2018,30,RB,16,1,1,2,0,1,1,1.0,1,1,0,,9,8,96,1,5,40,5.0,56,7.0,4.9,1,8.0,1,11,0,148.1,0,0,0.0,0,"0.0%",2,3,"66.7%",14,7.0,0,"13.6%",0,14,999.0,23.8,87,97,10
Josh Adams,PHI,2018,22,RB,14,5,120,511,3,23,256,2.1,255,2,8,15,13,7,58,0,3,-7,-1.0,65,9.3,-0.7,0,,2,15,0,65.5,17,40,2.4,2,"27.0%",0,0,"0%",0,0.0,0,"0.0%",2,40,999.0,81.9,60,98,38
Zach Zenner,DET,2018,27,RB,8,1,55,265,3,14,114,2.1,151,2,2,27,10,7,56,0,3,-3,-0.4,59,8.4,0.6,0,,2,20,0,83.7,6,25,4.2,2,"10.7%",0,0,"0%",0,0.0,0,"0.0%",2,25,999.0,57.1,74,99,25
Raheem Mostert,SFO,2018,26,RB,9,0,34,261,1,13,143,4.2,118,3,5,6,7,6,25,0,1,-19,-3.2,44,7.3,-0.6,0,,0,0,0,81.5,1,0,0.0,0,"1.7%",0,0,"0%",0,0.0,0,"0.0%",0,0,999.0,38.6,83,100,17
Zach Line,NOR,2018,28,RB,16,6,9,41,0,6,22,2.4,19,2,0,,10,5,14,2,2,7,1.4,7,1.4,2.5,0,,3,30,0,95.8,1,-1,-1.0,0,"1.2%",5,6,"83.3%",14,2.8,2,"18.2%",2,13,999.0,22.5,89,101,12
Brandon Bolden,MIA,2018,28,RB,16,0,8,91,2,4,84,10.5,7,0,0,,3,3,13,1,1,-6,-2.0,19,6.3,-2.0,0,,0,0,0,124.3,2,13,6.5,1,"7.1%",1,1,"100.0%",4,4.0,1,"8.3%",2,17,999.0,29.4,86,104,18
Darrel Williams,KAN,2018,23,RB,6,0,13,44,0,3,13,1.0,31,2,5,2,3,3,27,1,1,-7,-2.3,34,11.3,-2.3,0,,0,0,0,143.7,1,5,5.0,0,"2.1%",1,1,"100.0%",11,11.0,1,"4.5%",1,16,999.0,16.1,93,106,13
Gus Edwards,BAL,2018,23,RB,11,6,137,718,2,37,356,2.6,362,2,7,19,2,2,20,0,1,3,1.5,17,8.5,1.5,0,,0,0,0,108.3,15,52,3.5,2,"28.8%",0,0,"0%",0,0.0,0,"0.0%",2,52,999.0,89.8,54,109,55
Brian Hill,ATL,2018,23,RB,10,0,20,157,0,5,125,6.3,32,1,1,20,2,1,9,0,0,4,4.0,5,5.0,3.5,2,0.5,0,0,0,62.5,2,4,2.0,0,"4.8%",0,1,"0.0%",0,0.0,0,"6.3%",0,4,999.0,15.6,94,112,18
Austin Ekeler,LAC,2019,24,RB,16,8,132,557,3,32,233,1.8,324,2,12,11,108,92,993,8,42,53,0.6,940,10.2,1.3,15,6.1,1,1,2,122.0,16,20,1.3,3,"28.6%",9,12,"75.0%",60,6.7,4,"54.5%",7,80,70.8,309.0,4,28,24
Kenyan Drake,"2TM",2019,25,RB,14,10,170,817,8,48,479,2.8,338,2,12,14,68,50,345,0,15,-79,-1.6,424,8.5,-0.6,2,25.0,3,4,1,78.4,19,52,2.7,6,"36.5%",2,3,"66.7%",18,9.0,0,"18.8%",6,70,76.7,214.2,17,30,13
Miles Sanders,PHI,2019,22,RB,16,11,179,818,3,30,445,2.5,373,2,16,11,63,50,509,3,19,89,1.8,420,8.4,2.0,4,12.5,3,5,0,116.2,26,76,2.9,2,"43.3%",8,10,"80.0%",46,5.8,2,"71.4%",4,122,73.5,218.7,15,29,14
Aaron Jones,GNB,2019,25,RB,16,16,236,1084,16,55,569,2.4,515,2,32,7,68,49,474,3,18,41,0.8,433,8.8,2.8,10,4.9,2,3,0,105.9,32,113,3.5,14,"69.6%",10,11,"90.9%",42,4.2,1,"55.0%",15,155,32.3,314.8,2,15,13
Nyheim Hines,IND,2019,23,RB,16,2,52,199,2,16,118,2.3,81,2,2,26,58,44,320,0,15,5,0.1,315,7.2,1.3,4,11.0,2,3,0,88.3,7,23,3.3,2,"12.1%",3,5,"60.0%",11,3.7,0,"71.4%",2,34,156.3,117.9,41,52,11
Chris Thompson,WAS,2019,29,RB,11,0,37,138,0,7,74,2.0,64,2,2,18,58,42,378,0,16,41,1.0,337,8.0,1.7,3,14.0,2,3,0,89.6,6,13,2.2,0,"15.8%",2,5,"40.0%",22,11.0,0,"38.5%",0,35,319.4,93.6,50,62,12
Jamaal Williams,GNB,2019,24,RB,14,2,107,460,1,23,270,2.5,190,2,5,21,45,39,253,5,16,-26,-0.7,279,7.2,-0.8,10,3.9,1,2,0,127.1,13,32,2.5,1,"28.3%",7,8,"87.5%",50,7.1,5,"40.0%",6,82,367.6,146.3,33,65,32
DeAndre Washington,OAK,2019,26,RB,16,3,108,387,3,23,186,1.7,201,2,5,22,41,36,292,0,10,46,1.3,246,6.8,1.3,0,,2,5,0,96.3,10,33,3.3,3,"17.9%",2,2,"100.0%",18,9.0,0,"20.0%",3,51,702.5,121.9,39,105,66
Dare Ogunbowale,TAM,2019,25,RB,16,0,11,17,2,3,5,0.5,12,1,1,11,46,35,286,0,14,79,2.3,207,5.9,2.6,2,17.5,2,4,3,64.2,7,2,0.3,2,"14.6%",4,7,"57.1%",28,7.0,0,"70.0%",2,30,405.3,75.3,57,73,16
JD McKissic,DET,2019,26,RB,16,3,38,205,0,8,112,2.9,93,2,3,13,42,34,233,1,7,-4,-0.1,237,7.0,0.1,3,11.3,0,0,0,97.7,5,19,3.8,0,"11.9%",1,2,"50.0%",3,3.0,0,"40.0%",0,22,659.0,83.8,54,100,46
Ronald Jones,TAM,2019,22,RB,16,9,172,724,6,34,309,1.8,415,2,23,8,40,31,309,0,12,19,0.6,290,9.4,0.9,5,6.2,1,2,1,88.4,20,59,3.0,6,"41.7%",1,1,"100.0%",2,2.0,0,"10.0%",6,61,149.2,166.3,24,50,26
Devin Singletary,BUF,2019,22,RB,12,8,151,775,2,37,413,2.7,362,2,20,8,41,29,194,2,5,1,0.0,193,6.7,1.5,3,9.7,4,10,0,97.0,18,64,3.6,2,"39.1%",2,5,"40.0%",-5,-2.5,0,"83.3%",2,59,108.8,147.9,31,39,8
Rex Burkhead,NWE,2019,29,RB,13,1,65,302,3,18,157,2.4,145,2,6,11,38,27,279,0,10,50,1.9,229,8.5,3.2,3,9.0,2,5,0,91.9,9,18,2.0,2,"13.2%",3,4,"75.0%",17,5.7,0,"13.8%",2,35,408.4,101.1,47,77,30
Mark Ingram,BAL,2019,30,RB,15,15,202,1018,10,53,494,2.4,524,3,18,11,29,26,247,5,16,27,1.0,220,8.5,1.5,2,13.0,0,0,0,141.7,40,130,3.3,10,"55.6%",6,6,"100.0%",42,7.0,4,"60.0%",14,172,44.5,242.5,11,21,10
Ty Johnson,DET,2019,22,RB,16,1,63,273,0,11,120,1.9,153,2,5,13,31,24,109,0,4,22,0.9,87,3.6,2.2,1,24.0,2,6,0,81.2,7,16,2.3,0,"16.7%",1,1,"100.0%",1,1.0,0,"20.0%",0,17,712.5,60.2,65,107,42
Boston Scott,PHI,2019,24,RB,11,2,61,245,5,17,136,2.2,109,2,2,30,26,24,204,0,10,-69,-2.9,273,11.4,-1.8,2,12.0,1,4,0,99.4,8,35,4.4,2,"13.3%",0,0,"0%",0,0.0,0,"0.0%",2,35,620.0,96.9,48,95,47
Patrick Laird,MIA,2019,24,RB,15,4,62,168,1,9,86,1.4,82,1,5,12,30,23,204,0,13,28,1.2,176,7.7,1.4,2,11.5,2,7,0,94.3,9,19,2.1,1,"17.3%",2,5,"40.0%",20,10.0,0,"31.3%",1,39,551.0,68.2,61,92,31
Derrick Henry,TEN,2019,25,RB,15,15,303,1540,16,73,572,1.9,968,3,29,10,24,18,206,2,4,-23,-1.3,229,12.7,-1.6,2,9.0,3,12,0,128.1,38,126,3.3,11,"90.5%",1,1,"100.0%",6,6.0,0,"14.3%",11,132,38.7,294.6,5,19,14
Adrian Peterson,WAS,2019,34,RB,15,15,211,898,5,41,374,1.8,524,2,7,30,23,17,142,0,7,-19,-1.1,161,9.5,-1.9,6,2.8,1,4,0,89.4,23,64,2.8,5,"60.5%",2,2,"100.0%",20,10.0,0,"15.4%",5,84,145.5,147.0,32,47,15
Mark Walton,MIA,2019,22,RB,7,4,53,201,0,11,91,1.7,110,2,1,53,21,15,89,0,3,-3,-0.2,92,6.1,-0.5,1,15.0,1,5,0,79.3,3,-3,-1.0,0,"5.8%",0,1,"0.0%",0,0.0,0,"6.3%",0,-3,706.0,42.0,78,106,28
Darrel Williams,KAN,2019,24,RB,12,0,41,141,3,12,81,2.0,60,2,1,41,19,15,167,1,7,-12,-0.8,179,11.9,1.1,0,,0,0,0,120.8,11,11,1.0,3,"19.6%",2,2,"100.0%",14,7.0,1,"11.1%",4,25,458.0,67.8,62,81,19
Ryquell Armstead,JAX,2019,23,RB,16,1,35,108,0,5,18,0.5,90,3,2,18,24,14,144,2,9,25,1.8,119,8.5,1.5,0,,2,8,1,86.1,6,3,0.5,0,"11.5%",1,1,"100.0%",7,7.0,1,"8.3%",1,10,422.8,51.2,71,79,8
Raheem Mostert,SFO,2019,27,RB,16,0,137,772,8,31,475,3.5,297,2,12,11,22,14,180,2,6,25,1.8,155,11.1,2.0,1,14.0,2,9,0,119.5,11,73,6.6,4,"18.0%",2,2,"100.0%",18,9.0,0,"10.5%",4,91,973.0,165.2,25,109,84
Frank Gore,BUF,2019,36,RB,16,8,166,599,2,30,260,1.6,339,2,10,17,16,13,100,0,5,12,0.9,88,6.8,0.9,1,13.0,1,6,0,92.7,26,33,1.3,2,"56.5%",0,0,"0%",0,0.0,0,"0.0%",2,33,220.0,94.9,49,57,8
Chase Edmonds,ARI,2019,23,RB,13,2,60,303,4,12,180,3.0,123,2,4,15,21,12,105,1,5,-3,-0.3,108,9.0,0.1,2,6.0,5,24,1,66.6,7,45,6.4,2,"29.2%",4,6,"66.7%",18,4.5,1,"50.0%",3,63,407.8,82.8,56,76,20
Brian Hill,ATL,2019,24,RB,12,2,78,323,2,19,157,2.0,166,2,3,26,14,10,69,1,4,15,1.5,54,5.4,1.5,2,5.0,1,7,0,106.0,10,37,3.7,1,"20.0%",1,3,"33.3%",10,10.0,1,"23.1%",2,47,566.0,67.2,63,93,30
Carlos Hyde,HOU,2019,29,RB,16,14,245,1070,6,55,525,2.1,545,2,22,11,16,10,42,0,2,-9,-0.9,51,5.1,1.4,2,5.0,1,6,2,27.1,35,92,2.6,5,"79.5%",2,4,"50.0%",11,5.5,0,"26.7%",5,103,155.7,153.2,29,51,22
CJ Prosise,SEA,2019,25,RB,9,0,23,72,1,4,39,1.7,33,1,1,23,12,10,76,0,3,10,1.0,66,6.6,4.3,0,,0,0,0,93.1,4,14,3.5,1,"7.0%",0,0,"0%",0,0.0,0,"0.0%",1,14,702.0,28.8,89,103,14
Gus Edwards,BAL,2019,24,RB,16,1,133,711,2,46,335,2.5,376,3,7,19,7,7,45,0,2,0,0.0,45,6.4,0.0,0,,0,0,0,93.5,23,62,2.7,1,"31.9%",1,1,"100.0%",6,6.0,0,"10.0%",1,68,433.0,92.6,51,80,29
Myles Gaskin,MIA,2019,22,RB,7,0,36,133,1,7,28,0.8,105,3,0,,12,7,51,0,2,5,0.7,46,6.6,0.2,0,,2,17,0,68.4,5,4,0.8,1,"9.6%",1,2,"50.0%",0,0.0,0,"12.5%",1,4,624.0,31.4,85,96,11
Bilal Powell,NYJ,2019,31,RB,13,1,59,229,0,12,82,1.4,147,2,4,15,12,7,33,0,0,-12,-1.7,45,6.4,1.8,1,7.0,3,25,0,63.2,5,4,0.8,0,"20.0%",1,2,"50.0%",5,5.0,0,"15.4%",0,9,664.5,33.2,83,101,18
Jordan Wilkins,IND,2019,25,RB,14,1,51,307,2,12,140,2.7,167,3,4,13,11,7,43,0,1,11,1.6,32,4.6,1.4,1,7.0,1,9,0,71.4,11,35,3.2,2,"19.0%",0,1,"0.0%",0,0.0,0,"14.3%",2,35,682.0,54.0,69,102,33
Jonathan Williams,IND,2019,25,RB,9,1,49,235,1,13,102,2.1,133,3,7,7,5,5,59,0,3,-5,-1.0,64,12.8,-1.0,0,,0,0,0,115.8,8,25,3.1,1,"13.8%",0,0,"0%",0,0.0,0,"0.0%",1,25,728.0,40.4,79,108,29
Mike Boone,MIN,2019,24,RB,16,2,49,273,3,9,93,1.9,180,4,2,24,4,3,17,0,0,-9,-3.0,26,8.7,-1.3,1,3.0,1,25,1,42.7,8,32,4.0,2,"9.4%",0,0,"0%",0,0.0,0,"0.0%",2,32,702.0,50.0,73,104,31
Benny Snell,PIT,2019,21,RB,13,2,108,426,2,19,125,1.2,301,3,7,15,4,3,23,0,0,1,0.3,22,7.3,-0.5,0,,0,0,0,88.5,17,41,2.4,1,"34.7%",0,0,"0%",0,0.0,0,"0.0%",1,41,505.0,57.9,67,86,19
Jeff Wilson,SFO,2019,24,RB,10,0,27,105,4,9,66,2.4,39,1,0,,5,3,34,1,1,13,4.3,21,7.0,2.4,0,,1,20,0,120.0,16,41,2.6,4,"26.2%",0,1,"0.0%",0,0.0,0,"5.3%",4,41,530.0,46.9,76,90,14
Wes Hills,DET,2019,24,RB,1,1,10,21,2,3,9,0.9,12,1,0,,2,2,1,0,0,-2,-1.0,3,1.5,-1.0,0,,0,0,0,79.2,3,5,1.7,2,"7.1%",0,0,"0%",0,0.0,0,"0.0%",2,5,999.0,16.2,96,111,15
Qadree Ollison,ATL,2019,23,RB,8,0,22,50,4,6,29,1.3,21,1,0,,2,1,7,0,1,4,4.0,3,3.0,1.5,0,,1,50,0,58.3,9,22,2.4,4,"18.0%",0,0,"0%",0,0.0,0,"0.0%",4,22,632.0,30.7,87,97,10
Bo Scarbrough,DET,2019,25,RB,6,5,89,377,1,15,183,2.1,194,2,5,18,4,1,5,0,0,-3,-3.0,8,8.0,-2.0,0,,0,0,0,39.6,6,23,3.8,1,"14.3%",0,0,"0%",0,0.0,0,"0.0%",1,23,507.0,43.2,77,87,10
JD McKissic,WAS,2020,27,RB,16,7,85,365,1,25,180,2.1,185,2,9,9,110,80,589,2,32,86,1.1,503,6.3,1.7,4,20.0,2,2,3,79.7,14,29,2.1,1,"24.1%",5,11,"45.5%",32,6.4,1,"78.6%",2,61,287.0,191.4,16,80,64
Nyheim Hines,IND,2020,24,RB,16,2,89,380,3,24,224,2.5,156,2,8,11,76,63,482,4,24,12,0.2,470,7.5,0.7,5,12.6,1,1,0,110.6,27,79,2.9,3,"36.0%",8,10,"80.0%",53,6.6,2,"55.6%",5,132,149.5,193.2,14,48,34
Mike Davis,CAR,2020,27,RB,15,12,165,642,6,38,244,1.5,398,2,21,8,70,59,373,2,17,-45,-0.8,418,7.1,-0.5,11,5.4,2,3,1,92.4,41,99,2.4,6,"64.1%",8,11,"72.7%",29,3.6,2,"64.7%",8,128,299.0,206.5,12,82,70
David Montgomery,CHI,2020,23,RB,15,14,247,1070,8,59,480,1.9,590,2,29,8,68,54,438,2,25,42,0.8,396,7.3,0.9,11,4.9,3,4,0,103.3,42,126,3.0,6,"79.2%",5,10,"50.0%",30,6.0,1,"55.6%",7,156,63.8,264.8,4,27,23
Chase Edmonds,ARI,2020,24,RB,16,2,97,448,1,22,261,2.7,187,2,10,10,67,53,402,4,21,76,1.4,326,6.2,2.0,6,8.8,1,2,0,111.6,15,46,3.1,0,"21.4%",10,11,"90.9%",78,7.8,4,"84.6%",4,124,139.8,168.0,24,47,23
James Robinson,JAX,2020,22,RB,14,14,240,1070,7,54,455,1.9,615,3,16,15,60,49,344,3,15,-39,-0.8,383,7.8,-0.8,5,9.8,2,3,0,107.2,31,119,3.8,7,"91.2%",6,6,"100.0%",49,8.2,3,"50.0%",10,168,245.7,250.4,7,72,65
Giovani Bernard,CIN,2020,29,RB,16,10,124,416,3,23,189,1.5,227,2,8,16,59,47,355,3,15,5,0.1,350,7.4,1.3,2,23.5,4,7,1,101.6,19,57,3.0,3,"35.8%",9,11,"81.8%",58,6.4,3,"55.0%",6,115,234.5,158.1,29,68,39
Aaron Jones,GNB,2020,26,RB,14,14,201,1104,9,52,512,2.5,592,3,14,14,63,47,355,2,15,-10,-0.2,365,7.8,1.2,6,7.8,4,6,0,98.3,36,100,2.8,6,"55.4%",5,10,"50.0%",21,4.2,2,"66.7%",8,121,18.3,258.9,5,14,9
D'Andre Swift,DET,2020,21,RB,13,4,114,521,8,31,331,2.9,190,2,9,13,57,46,357,2,15,6,0.1,351,7.6,0.9,2,23.0,5,9,0,104.5,18,41,2.3,7,"26.1%",6,9,"66.7%",39,6.5,2,"69.2%",9,80,65.8,189.8,17,28,11
Myles Gaskin,MIA,2020,23,RB,10,7,142,584,3,27,297,2.1,287,2,6,24,47,41,388,2,12,0,0.0,388,9.5,0.2,4,10.3,2,4,0,115.2,34,99,2.9,2,"47.2%",6,7,"85.7%",46,7.7,1,"70.0%",3,145,999.0,164.2,27,104,77
Kareem Hunt,CLE,2020,25,RB,16,5,198,841,6,44,376,1.9,465,2,18,11,51,38,304,5,19,24,0.6,280,7.4,1.4,5,7.6,4,8,0,121.7,41,113,2.8,6,"53.9%",7,9,"77.8%",45,6.4,4,"75.0%",10,158,58.0,218.5,10,25,15
Antonio Gibson,WAS,2020,22,RB,14,10,170,795,11,40,447,2.6,348,2,20,8,44,36,247,0,8,-54,-1.5,301,8.4,-0.8,8,4.5,2,4,0,90.1,28,98,3.5,9,"48.3%",2,3,"66.7%",12,6.0,0,"21.4%",9,110,101.0,202.2,13,37,24
Jonathan Taylor,IND,2020,21,RB,15,13,232,1169,11,69,690,3.0,479,2,15,16,39,36,299,1,12,-68,-1.9,367,10.2,-1.3,3,12.0,1,3,0,107.2,40,89,2.2,8,"53.3%",4,6,"66.7%",10,2.5,0,"33.3%",8,99,42.8,252.8,6,20,14
Jerick McKinnon,SFO,2020,28,RB,16,4,81,319,5,16,191,2.4,128,2,3,27,46,33,253,1,12,75,2.3,178,5.4,3.4,1,33.0,2,4,3,64.9,17,71,4.2,5,"27.0%",6,6,"100.0%",38,6.3,1,"30.0%",6,109,220.3,126.2,38,64,26
Jamaal Williams,GNB,2020,25,RB,14,3,119,505,2,29,277,2.3,228,2,5,24,35,31,236,1,11,17,0.5,219,7.1,0.5,4,7.8,2,6,0,104.3,22,67,3.0,2,"33.8%",3,3,"100.0%",8,2.7,1,"20.0%",3,75,174.0,127.1,37,54,17
Kalen Ballage,"2TM",2020,25,RB,11,2,91,303,3,25,157,1.7,146,2,4,23,37,29,166,0,5,-47,-1.6,213,7.3,-0.5,4,7.3,2,5,0,85.4,19,51,2.7,2,"32.2%",2,5,"40.0%",12,6.0,0,"25.0%",2,63,435.0,93.9,51,97,46
Ronald Jones,TAM,2020,23,RB,14,13,192,978,7,48,394,2.1,584,3,10,19,42,28,165,1,2,8,0.3,157,5.6,0.9,1,28.0,5,12,1,72.0,30,83,2.8,5,"56.6%",1,4,"25.0%",9,9.0,0,"22.2%",5,92,88.5,186.3,19,32,13
Rex Burkhead,NWE,2020,30,RB,10,0,67,274,3,18,178,2.7,96,1,5,13,33,25,192,3,11,-9,-0.4,201,8.0,0.9,2,12.5,0,0,1,107.1,13,45,3.5,3,"25.0%",3,6,"50.0%",30,10.0,2,"40.0%",5,75,259.5,107.6,43,76,33
Brian Hill,ATL,2020,25,RB,16,1,100,465,1,18,208,2.1,257,3,6,17,30,25,199,0,7,37,1.5,162,6.5,1.3,4,6.3,3,10,0,94.3,6,16,2.7,0,"9.7%",1,1,"100.0%",4,4.0,0,"11.1%",0,20,222.5,95.4,50,66,16
Malcolm Brown,LAR,2020,27,RB,16,0,101,419,5,28,271,2.7,148,2,7,14,33,23,162,0,9,-16,-0.7,178,7.7,-0.2,1,23.0,3,9,0,80.6,19,55,2.9,5,"24.7%",2,4,"50.0%",1,0.5,0,"44.4%",5,56,229.0,109.1,42,67,25
Wayne Gallman,NYG,2020,26,RB,15,10,147,682,6,36,320,2.2,362,2,10,15,27,21,114,0,6,14,0.7,100,4.8,0.4,0,,3,11,0,84.3,19,40,2.1,6,"48.7%",4,5,"80.0%",1,0.3,0,"29.4%",6,41,355.0,136.6,32,86,54
Devontae Booker,LVR,2020,28,RB,16,1,93,423,3,21,236,2.5,187,2,5,19,21,17,84,0,2,3,0.2,81,4.8,0.3,2,8.5,0,0,1,63.5,17,43,2.5,1,"20.0%",3,3,"100.0%",6,2.0,0,"23.1%",1,49,999.0,85.7,55,105,50
DeeJay Dallas,SEA,2020,22,RB,12,2,34,108,2,9,47,1.4,61,2,2,17,20,17,111,1,5,1,0.1,110,6.5,0.1,1,17.0,0,0,0,106.5,12,20,1.7,2,"25.5%",3,3,"100.0%",9,3.0,1,"30.0%",3,29,374.0,56.9,71,90,19
Frank Gore,NYJ,2020,37,RB,15,14,187,653,2,32,279,1.5,374,2,8,23,19,16,89,0,3,16,1.0,73,4.6,1.8,1,16.0,0,0,0,86.2,26,63,2.4,2,"53.1%",1,2,"50.0%",6,6.0,0,"25.0%",2,69,264.0,100.2,46,77,31
Darrell Henderson,LAR,2020,23,RB,15,11,138,624,5,40,342,2.5,282,2,8,17,24,16,159,1,8,-1,-0.1,160,10.0,0.7,3,5.3,0,0,1,81.8,32,88,2.8,4,"41.6%",3,4,"75.0%",20,6.7,1,"44.4%",5,108,128.8,130.3,35,43,8
Ty Johnson,"2TM",2020,23,RB,13,1,54,254,1,11,155,2.9,99,2,1,54,21,16,99,1,6,-30,-1.9,129,8.1,2.4,1,16.0,0,0,0,101.1,8,18,2.3,1,"11.6%",1,1,"100.0%",18,18.0,1,"7.7%",2,36,436.0,63.3,67,98,31
Jeff Wilson,SFO,2020,25,RB,12,3,126,600,7,31,327,2.6,273,2,9,14,28,13,133,3,8,22,1.7,111,8.5,1.8,0,,5,18,1,81.4,22,78,3.5,6,"34.9%",2,3,"66.7%",35,17.5,1,"15.0%",7,113,999.0,142.3,31,106,75
Jeremy McNichols,TEN,2020,25,RB,16,0,47,204,1,8,103,2.2,101,2,5,9,17,12,55,0,0,4,0.3,51,4.3,0.5,0,,1,6,0,74.4,8,17,2.1,1,"11.0%",4,6,"66.7%",22,5.5,0,"66.7%",1,39,999.0,43.9,77,107,30
Adrian Peterson,DET,2020,35,RB,16,10,156,604,7,34,346,2.2,258,2,11,14,18,12,101,0,4,-2,-0.2,103,8.6,-0.3,1,12.0,3,17,0,81.0,34,83,2.4,6,"49.3%",0,1,"0.0%",0,0.0,0,"7.7%",6,83,168.5,124.5,39,51,12
Jordan Wilkins,IND,2020,26,RB,15,0,84,308,1,17,148,1.8,160,2,10,8,16,12,105,0,3,-38,-3.2,143,11.9,-0.8,1,12.0,1,6,0,91.9,8,15,1.9,1,"10.7%",1,2,"50.0%",4,4.0,0,"11.1%",1,19,999.0,61.3,68,108,40
Salvon Ahmed,MIA,2020,22,RB,6,4,75,319,3,18,245,3.3,74,1,4,19,14,11,61,0,2,-10,-0.9,71,6.5,-0.5,0,,1,7,0,84.8,20,60,3.0,2,"27.8%",1,1,"100.0%",5,5.0,0,"10.0%",2,65,364.0,69.0,63,87,24
Samaje Perine,CIN,2020,25,RB,16,1,63,301,3,16,149,2.4,152,2,5,13,12,11,66,0,4,-23,-2.1,89,8.1,-1.8,3,3.7,0,0,0,89.6,15,32,2.1,2,"28.3%",5,5,"100.0%",21,4.2,0,"25.0%",2,53,423.0,65.7,65,96,31
Gus Edwards,BAL,2020,25,RB,16,6,144,723,6,45,334,2.3,389,3,11,13,13,9,129,0,4,36,4.0,93,10.3,3.8,2,4.5,0,0,0,101.1,25,75,3.0,6,"37.9%",1,1,"100.0%",2,2.0,0,"10.0%",6,77,276.0,128.2,36,78,42
Travis Homer,SEA,2020,22,RB,9,0,25,88,0,2,56,2.2,32,1,2,12,10,9,90,1,4,-2,-0.2,92,10.2,0.2,1,9.0,0,0,0,137.5,2,1,0.5,0,"4.3%",1,1,"100.0%",3,3.0,1,"10.0%",1,4,417.0,32.8,86,95,9
Rodney Smith,CAR,2020,24,RB,7,1,41,156,1,14,80,2.0,76,2,5,8,11,9,59,0,1,13,1.4,46,5.1,1.5,0,,1,9,0,89.0,6,24,4.0,0,"9.4%",0,1,"0.0%",0,0.0,0,"5.9%",0,24,999.0,36.5,84,109,25
Ryan Nall,CHI,2020,25,RB,16,0,3,0,0,0,0,0.0,0,0,0,,9,8,67,1,5,20,2.5,47,5.9,2.2,1,8.0,0,0,0,134.7,0,0,0.0,0,"0.0%",2,2,"100.0%",8,4.0,1,"11.1%",1,8,999.0,20.7,99,110,11
Troymaine Pope,LAC,2020,27,RB,6,0,15,76,0,3,49,3.3,27,2,0,,10,8,42,0,1,-2,-0.3,44,5.5,-1.6,1,8.0,1,10,0,84.2,1,0,0.0,0,"1.7%",2,2,"100.0%",10,5.0,0,"10.0%",0,10,999.0,19.8,100,111,11
Josh Adams,NYJ,2020,24,RB,8,0,29,157,2,10,54,1.9,103,4,4,7,8,6,29,0,2,5,0.8,24,4.0,0.1,0,,0,0,0,79.7,3,2,0.7,1,"6.1%",0,0,"0%",0,0.0,0,"0.0%",1,2,408.0,36.6,83,94,11
DeAndre Washington,"2TM",2020,27,RB,4,1,31,91,0,2,57,1.8,34,1,1,31,10,5,30,0,2,7,1.4,23,4.6,2.6,0,,0,0,0,56.2,9,17,1.9,0,"12.5%",1,1,"100.0%",2,2.0,0,"10.0%",0,19,999.0,17.1,102,114,12
Trayveon Williams,CIN,2020,23,RB,10,0,26,157,0,5,54,2.1,103,4,3,9,5,5,30,0,1,-11,-2.2,41,8.2,-2.2,2,2.5,0,0,0,91.7,1,-2,-2.0,0,"1.9%",0,0,"0%",0,0.0,0,"0.0%",0,-2,999.0,21.7,95,115,20
D'Ernest Johnson,CLE,2020,24,RB,16,0,33,166,0,7,101,3.1,65,2,2,16,4,3,14,0,0,2,0.7,12,4.0,0.0,0,,1,25,0,79.2,0,0,0.0,0,"0.0%",1,1,"100.0%",5,5.0,0,"8.3%",0,5,999.0,21.0,98,116,18
Alfred Morris,NYG,2020,32,RB,9,0,55,238,1,13,115,2.1,123,2,3,18,4,3,19,1,2,2,0.7,17,5.7,1.0,1,3.0,0,0,0,124.0,4,21,5.3,1,"10.3%",1,1,"100.0%",6,6.0,1,"5.9%",2,27,999.0,40.7,80,117,37
Reggie Bonnafon,CAR,2020,24,RB,2,0,12,69,0,4,49,4.1,20,2,0,,2,2,18,1,2,-2,-1.0,20,10.0,-1.0,0,,0,0,0,143.7,1,3,3.0,0,"1.6%",1,1,"100.0%",3,3.0,1,"5.9%",1,6,999.0,16.7,104,118,14
Alex Collins,SEA,2020,26,RB,3,1,18,77,2,5,41,2.3,36,2,0,,2,1,4,0,0,3,3.0,1,1.0,5.5,0,,0,0,0,56.2,2,10,5.0,1,"4.3%",0,0,"0%",0,0.0,0,"0.0%",1,10,999.0,21.1,96,119,23
Najee Harris,PIT,2021,23,RB,17,17,307,1200,7,62,525,1.7,675,2,30,10,94,74,467,3,22,-32,-0.4,499,6.7,-0.1,17,4.4,7,7,0,98.0,28,87,3.1,6,"96.6%",8,14,"57.1%",29,3.6,2,"93.3%",8,116,15.6,300.7,3,11,8
Leonard Fournette,TAM,2021,26,RB,14,13,180,812,8,45,396,2.2,416,2,11,16,84,69,454,2,30,5,0.1,449,6.5,0.8,6,11.5,6,7,2,87.2,41,109,2.7,6,"69.5%",13,18,"72.2%",64,4.9,2,"69.2%",8,173,86.4,255.6,6,28,22
Cordarrelle Patterson,ATL,2021,30,RB,16,13,153,618,6,29,325,2.1,293,2,7,22,69,52,548,5,26,163,3.1,385,7.4,2.9,7,7.4,1,1,1,116.1,33,119,3.6,6,"60.0%",9,12,"75.0%",86,9.6,4,"63.2%",10,205,248.3,234.6,9,69,60
Darrel Williams,KAN,2021,26,RB,17,7,144,558,6,40,342,2.4,216,2,4,36,57,47,452,2,19,17,0.4,435,9.3,1.4,4,11.8,1,2,0,111.4,34,63,1.9,6,"57.6%",6,9,"66.7%",20,3.3,0,"52.9%",6,83,213.2,196.0,19,58,39
Javonte Williams,DEN,2021,21,RB,17,1,203,903,4,52,443,2.2,460,2,31,6,53,43,316,3,12,-27,-0.6,343,8.0,-0.2,2,21.5,3,6,0,110.4,29,48,1.7,4,"41.4%",6,7,"85.7%",58,9.7,3,"46.7%",7,106,60.6,204.9,17,25,8
Joe Mixon,CIN,2021,25,RB,16,16,292,1205,13,60,662,2.3,543,2,20,15,48,42,314,3,11,-4,-0.1,318,7.6,-0.2,3,14.0,2,4,0,114.8,42,142,3.4,12,"89.4%",6,7,"85.7%",24,4.0,2,"50.0%",14,166,20.8,287.9,4,13,9
Brandon Bolden,NWE,2021,31,RB,17,1,44,226,1,12,105,2.4,121,3,2,22,49,41,405,2,21,-11,-0.3,416,10.1,0.3,10,4.1,2,4,1,106.2,7,8,1.1,0,"8.6%",8,8,"100.0%",56,7.0,1,"57.1%",1,64,999.0,124.1,39,96,57
Devontae Booker,NYG,2021,29,RB,16,4,145,593,2,31,364,2.5,229,2,2,72,45,40,268,1,11,-21,-0.5,289,7.2,-0.1,0,,2,4,0,98.9,16,54,3.4,2,"51.6%",2,2,"100.0%",10,5.0,1,"28.6%",3,64,200.0,144.1,32,54,22
Devin Singletary,BUF,2021,24,RB,17,16,188,870,7,44,429,2.3,441,2,13,14,50,40,228,1,11,-13,-0.3,241,6.0,0.2,4,10.0,5,10,1,84.0,34,120,3.5,5,"52.3%",5,5,"100.0%",14,2.8,0,"33.3%",5,134,112.4,197.8,18,36,18
Jonathan Taylor,IND,2021,22,RB,17,17,332,1811,18,107,870,2.6,941,3,25,13,51,40,360,2,12,-46,-1.2,406,10.2,-0.9,2,20.0,5,10,0,109.2,87,263,3.0,14,"89.7%",3,4,"75.0%",16,5.3,0,"57.1%",14,279,10.4,373.1,1,9,8
Tony Pollard,DAL,2021,24,RB,15,0,130,719,2,35,398,3.1,321,2,7,19,46,39,337,0,15,-4,-0.1,341,8.7,0.2,4,9.8,3,6,0,97.2,16,50,3.1,1,"29.1%",6,7,"85.7%",37,6.2,0,"28.0%",1,87,132.6,162.6,27,41,14
Ameer Abdullah,"2TM",2021,28,RB,17,1,51,166,0,8,86,1.7,80,2,3,17,53,38,289,1,13,-5,-0.1,294,7.7,0.8,5,7.6,2,4,1,83.0,4,5,1.3,0,"8.5%",3,5,"60.0%",10,3.3,0,"45.5%",0,15,343.0,89.5,57,87,30
James Conner,ARI,2021,26,RB,15,6,202,752,15,53,331,1.6,421,2,19,11,39,37,375,3,18,2,0.1,373,10.1,0.3,6,6.2,0,0,0,132.4,40,122,3.1,14,"65.6%",1,1,"100.0%",13,13.0,0,"12.5%",14,135,100.8,257.7,5,32,27
AJ Dillon,GNB,2021,23,RB,17,2,187,803,5,50,396,2.1,407,2,17,11,37,34,313,2,15,3,0.1,310,9.1,0.4,5,6.8,0,0,0,119.9,39,104,2.7,5,"52.0%",5,5,"100.0%",36,7.2,2,"25.0%",7,140,105.8,185.6,22,33,11
Devonta Freeman,BAL,2021,29,RB,16,8,133,576,5,31,371,2.8,205,2,3,44,42,34,190,1,9,12,0.4,178,5.2,1.0,4,8.5,1,2,0,93.5,18,52,2.9,5,"36.0%",6,8,"75.0%",42,7.0,1,"47.1%",6,94,999.0,146.6,30,97,67
Ty Johnson,NYJ,2021,24,RB,16,3,61,238,2,13,174,2.9,64,1,3,20,55,34,372,2,20,38,1.1,334,9.8,2.4,3,11.3,7,13,1,86.3,12,15,1.3,2,"20.3%",3,4,"75.0%",37,12.3,1,"33.3%",3,52,210.5,117.0,45,56,11
Kenneth Gainwell,PHI,2021,22,RB,16,1,68,291,5,19,193,2.8,98,1,6,11,50,33,253,1,14,27,0.8,226,6.8,1.9,1,33.0,5,10,0,84.8,10,40,4.0,4,"13.3%",7,8,"87.5%",56,8.0,1,"61.5%",5,96,177.8,123.4,40,50,10
Jeremy McNichols,TEN,2021,26,RB,14,0,41,156,0,6,96,2.3,60,2,1,41,38,28,240,1,11,-8,-0.3,248,8.9,0.1,0,,2,5,0,98.6,5,19,3.8,0,"8.1%",4,7,"57.1%",27,6.8,1,"46.7%",1,46,433.0,73.6,63,94,31
Mark Ingram,"2TM",2021,32,RB,14,10,160,554,2,23,237,1.5,317,2,9,18,35,27,162,0,9,-2,-0.1,164,6.1,0.0,2,13.5,0,0,0,85.7,25,54,2.2,2,"39.7%",1,5,"20.0%",5,5.0,0,"22.7%",2,59,221.6,108.6,49,61,12
Samaje Perine,CIN,2021,26,RB,16,0,55,246,1,11,116,2.1,130,2,2,28,31,27,196,1,9,-2,-0.1,198,7.3,0.2,2,13.5,1,3,0,103.8,2,10,5.0,0,"4.3%",5,5,"100.0%",31,6.2,1,"35.7%",1,41,282.5,83.2,59,80,21
Rex Burkhead,HOU,2021,31,RB,16,5,122,427,3,30,210,1.7,217,2,2,61,32,25,186,0,9,45,1.8,141,5.6,1.6,1,25.0,0,0,0,90.9,14,23,1.6,2,"50.0%",2,3,"66.7%",10,5.0,0,"30.0%",2,33,445.0,104.3,51,95,44
Chuba Hubbard,CAR,2021,22,RB,17,10,172,612,5,36,287,1.7,325,2,9,19,37,25,174,1,8,14,0.6,160,6.4,0.4,3,8.3,7,19,1,75.7,24,69,2.9,4,"51.1%",0,2,"0.0%",0,0.0,0,"18.2%",4,69,176.6,137.6,35,49,14
DeeJay Dallas,SEA,2021,23,RB,17,0,33,138,2,10,66,2.0,72,2,3,11,23,21,133,0,4,23,1.1,110,5.2,1.7,1,21.0,1,4,0,90.8,6,35,5.8,2,"11.1%",2,2,"100.0%",5,2.5,0,"28.6%",2,40,418.0,60.1,69,92,23
Dontrell Hilliard,TEN,2021,26,RB,8,5,56,350,2,15,214,3.8,136,2,4,14,26,19,87,0,7,-21,-1.1,108,5.7,-0.9,0,,3,12,1,60.9,3,2,0.7,0,"4.8%",4,5,"80.0%",22,5.5,0,"33.3%",0,24,999.0,72.7,64,98,34
D'Ernest Johnson,CLE,2021,25,RB,17,2,100,534,3,24,299,3.0,235,2,10,10,25,19,137,0,7,-1,-0.1,138,7.3,0.2,4,4.8,3,12,0,88.2,14,54,3.9,2,"19.2%",1,1,"100.0%",6,6.0,0,"12.5%",2,60,999.0,104.1,52,99,47
Elijah Mitchell,SFO,2021,23,RB,11,10,207,963,5,47,448,2.2,515,2,16,13,20,19,137,1,6,-14,-0.7,151,7.9,-0.6,1,19.0,1,5,0,111.9,19,73,3.8,4,"51.4%",2,2,"100.0%",20,10.0,1,"13.3%",5,93,219.0,165.0,25,60,35
Damien Harris,NWE,2021,24,RB,15,15,202,929,15,55,469,2.3,460,2,15,14,21,18,132,0,4,-2,-0.1,134,7.4,-0.3,1,18.0,0,0,0,92.9,42,139,3.3,12,"51.9%",1,2,"50.0%",3,3.0,0,"14.3%",12,142,72.0,210.1,14,27,13
Travis Homer,SEA,2021,23,RB,14,0,21,177,1,7,121,5.8,56,3,2,10,20,16,161,0,8,33,2.1,128,8.0,2.4,3,5.3,1,5,1,79.4,3,11,3.7,0,"5.6%",2,3,"66.7%",9,4.5,0,"42.9%",0,20,999.0,61.8,67,100,33
Khalil Herbert,CHI,2021,23,RB,17,2,103,433,2,24,247,2.4,186,2,9,11,16,14,96,0,6,-5,-0.4,101,7.2,-0.3,1,14.0,1,6,0,91.7,12,43,3.6,2,"19.4%",2,2,"100.0%",-4,-2.0,0,"20.0%",2,39,999.0,78.9,62,101,39
Dare Ogunbowale,JAX,2021,27,RB,17,2,43,137,1,5,71,1.7,66,2,0,,21,13,114,1,3,14,1.1,100,7.7,1.5,0,,3,14,0,92.2,4,8,2.0,1,"10.0%",0,2,"0.0%",0,0.0,0,"40.0%",1,8,999.0,50.1,76,102,26
Boston Scott,PHI,2021,26,RB,16,4,87,373,7,24,209,2.4,164,2,4,22,16,13,83,0,3,-13,-1.0,96,7.4,-0.6,0,,0,0,1,62.2,20,56,2.8,7,"26.7%",0,1,"0.0%",0,0.0,0,"7.7%",7,56,238.8,98.6,55,66,11
Peyton Barber,LVR,2021,27,RB,10,1,55,212,2,12,125,2.3,87,2,4,14,13,10,67,0,3,-6,-0.6,73,7.3,1.5,2,5.0,2,15,0,87.7,11,29,2.6,2,"19.3%",3,3,"100.0%",16,5.3,0,"15.8%",2,45,999.0,49.9,77,103,26
Alex Collins,SEA,2021,27,RB,11,6,108,411,2,22,238,2.2,173,2,6,18,10,9,87,0,3,-9,-1.0,96,10.7,0.2,1,9.0,0,0,0,102.9,13,48,3.7,2,"24.1%",0,0,"0%",0,0.0,0,"0.0%",2,48,270.0,68.8,65,75,10
D'Onta Foreman,TEN,2021,25,RB,9,3,133,566,3,22,267,2.0,299,2,11,12,11,9,123,0,6,2,0.2,121,13.4,0.2,1,9.0,1,9,0,113.3,20,66,3.3,2,"32.3%",1,1,"100.0%",11,11.0,0,"6.7%",2,77,335.0,93.9,56,86,30
Elijhaa Penny,NYG,2021,28,RB,17,3,24,99,1,9,43,1.8,56,2,1,24,13,9,30,1,4,-4,-0.4,34,3.8,-0.2,2,4.5,0,0,0,97.9,3,14,4.7,1,"9.7%",2,2,"100.0%",4,2.0,1,"28.6%",2,18,999.0,35.9,89,104,15
Derrick Gore,KAN,2021,27,RB,11,0,51,256,2,12,134,2.6,122,2,3,17,9,8,105,0,3,15,1.9,90,11.3,1.2,2,4.0,0,0,0,115.3,8,26,3.3,1,"13.6%",1,1,"100.0%",3,3.0,0,"5.9%",1,29,999.0,56.1,72,105,33
Godwin Igwebuike,DET,2021,27,RB,17,1,18,118,1,7,56,3.1,62,3,1,18,10,7,60,0,4,-4,-0.6,64,9.1,1.5,1,7.0,2,20,0,85.4,1,6,6.0,0,"2.1%",0,0,"0%",0,0.0,0,"0.0%",0,6,999.0,26.8,96,106,10
Craig Reynolds,DET,2021,25,RB,5,2,55,230,0,11,93,1.7,137,2,4,14,8,7,52,0,3,-4,-0.6,56,8.0,0.0,2,3.5,0,0,0,93.7,3,4,1.3,0,"6.3%",0,0,"0%",0,0.0,0,"0.0%",0,4,999.0,35.2,90,107,17
Rashaad Penny,SEA,2021,25,RB,10,6,119,749,6,28,376,3.2,373,3,10,12,8,6,48,0,3,-14,-2.3,62,10.3,-2.0,1,6.0,1,12,0,89.6,16,50,3.1,3,"29.6%",0,1,"0.0%",0,0.0,0,"14.3%",3,50,190.6,121.7,41,51,10
Duke Johnson,MIA,2021,28,RB,5,4,71,330,3,18,128,1.8,202,3,6,12,5,4,41,0,3,-10,-2.5,51,12.8,-1.6,2,2.0,1,20,0,100.8,7,15,2.1,2,"12.7%",0,0,"0%",0,0.0,0,"0.0%",2,15,999.0,59.1,71,108,37
Kene Nwangwu,MIN,2021,23,RB,11,0,13,61,0,3,32,2.5,29,2,2,6,5,4,9,0,0,-10,-2.5,19,4.8,-1.2,0,,0,0,0,79.2,3,2,0.7,0,"3.7%",0,1,"0.0%",0,0.0,0,"7.7%",0,2,999.0,23.0,100,109,9
Jordan Howard,PHI,2021,27,RB,7,0,86,406,3,24,208,2.4,198,2,7,12,5,2,19,0,2,5,2.5,14,7.0,1.8,0,,1,20,0,51.2,24,76,3.2,3,"32.0%",1,1,"100.0%",9,9.0,0,"7.7%",3,85,999.0,62.5,66,112,46
Austin Walter,NYJ,2021,25,RB,4,0,26,101,1,5,68,2.6,33,1,0,,3,2,9,0,1,-4,-2.0,13,6.5,-3.0,0,,0,0,0,70.1,9,31,3.4,1,"15.3%",0,0,"0%",0,0.0,0,"0.0%",1,31,999.0,19.0,105,114,9
Rhamondre Stevenson,NWE,2022,24,RB,17,7,210,1040,5,49,601,2.9,439,2,24,8,88,69,421,1,13,-53,-0.8,474,6.9,0.0,11,6.3,7,8,0,90.4,32,53,1.7,3,"64.0%",5,6,"83.3%",20,4.0,1,"46.2%",4,73,100.0,249.1,7,36,29
Jerick McKinnon,KAN,2022,30,RB,17,0,72,291,1,12,180,2.5,111,2,6,12,71,56,512,9,28,-29,-0.5,541,9.7,0.7,4,14.0,4,6,1,130.4,20,48,2.4,0,"31.7%",11,15,"73.3%",68,6.2,7,"68.2%",7,116,216.3,196.3,20,63,43
Josh Jacobs,LVR,2022,24,RB,17,17,340,1653,12,93,832,2.4,821,2,31,11,64,53,400,0,16,26,0.5,374,7.1,0.5,2,26.5,4,6,0,92.7,38,129,3.4,10,"86.4%",2,4,"50.0%",7,3.5,0,"40.0%",10,136,49.5,328.3,3,20,17
Rachaad White,TAM,2022,23,RB,17,8,129,481,1,27,315,2.4,166,1,4,32,58,50,290,2,13,-19,-0.4,309,6.2,-0.3,3,16.7,2,3,0,99.0,10,21,2.1,1,"27.0%",6,8,"75.0%",19,3.2,2,"44.4%",3,40,193.0,139.1,36,57,21
Tony Pollard,DAL,2022,25,RB,16,4,193,1007,9,46,504,2.6,503,3,11,17,55,39,371,3,18,24,0.6,347,8.9,1.4,2,19.5,3,6,0,107.5,23,99,4.3,6,"35.4%",5,9,"55.6%",38,7.6,1,"69.2%",7,137,86.0,248.8,8,33,25
Samaje Perine,CIN,2022,27,RB,16,2,95,394,2,19,232,2.4,162,2,5,19,51,38,287,4,11,-34,-0.9,321,8.4,0.2,5,7.6,5,10,0,113.8,16,35,2.2,2,"29.6%",6,8,"75.0%",40,6.7,3,"38.1%",5,75,249.5,142.1,34,73,39
Rex Burkhead,HOU,2022,32,RB,16,0,26,80,0,4,49,1.9,31,1,2,13,51,37,204,1,8,0,0.0,204,5.5,1.3,1,37.0,1,2,1,77.6,3,0,0.0,0,"4.7%",6,9,"66.7%",30,5.0,1,"47.4%",1,30,234.3,77.4,57,68,11
Raheem Mostert,MIA,2022,30,RB,16,14,181,891,3,44,512,2.8,379,2,16,11,42,31,202,2,11,23,0.7,179,5.8,1.1,8,3.9,2,5,1,89.6,20,60,3.0,2,"39.2%",5,6,"83.3%",24,4.8,2,"37.5%",4,84,144.8,168.3,25,44,19
Deon Jackson,IND,2022,23,RB,16,2,68,236,1,13,136,2.0,100,2,1,68,34,30,209,1,10,-19,-0.6,228,7.6,-0.5,3,10.0,1,3,1,89.8,7,28,4.0,1,"14.3%",3,3,"100.0%",16,5.3,1,"18.8%",2,44,999.0,84.5,54,79,25
Jaylen Warren,PIT,2022,24,RB,16,0,77,379,1,20,242,3.1,137,2,5,15,33,28,214,0,14,-11,-0.4,225,8.0,-0.5,3,9.3,3,9,0,93.7,12,40,3.3,1,"24.0%",4,4,"100.0%",20,5.0,0,"30.8%",1,60,258.0,93.3,47,75,28
Latavius Murray,"2TM",2022,32,RB,13,7,171,760,6,44,478,2.8,282,2,5,34,35,27,132,0,4,-56,-2.1,188,7.0,-1.8,0,,0,0,0,82.1,10,33,3.3,5,"27.8%",0,0,"0%",0,0.0,0,"0.0%",5,33,999.0,154.2,32,80,48
Kenneth WalkerI,SEA,2022,22,RB,15,11,228,1050,9,51,623,2.7,427,2,12,19,35,27,165,0,6,-56,-2.1,221,8.2,-2.1,3,9.0,2,6,1,74.1,43,148,3.4,7,"81.1%",1,1,"100.0%",4,4.0,0,"16.7%",7,152,116.0,202.5,18,37,19
Eno Benjamin,"3TM",2022,23,RB,15,3,77,313,2,14,160,2.1,153,2,7,11,34,25,193,0,10,-41,-1.6,234,9.4,-1.2,3,8.3,3,9,0,87.0,14,65,4.6,2,"21.9%",4,5,"80.0%",27,6.8,0,"26.3%",2,92,225.0,89.6,49,66,17
Jeff Wilson,"2TM",2022,27,RB,16,7,176,860,5,43,582,3.3,278,2,9,19,37,22,185,1,7,49,2.2,136,6.2,2.6,0,,3,8,1,70.2,27,88,3.3,4,"52.9%",4,5,"80.0%",33,8.3,1,"31.3%",5,121,167.0,158.5,30,48,18
Dontrell Hilliard,TEN,2022,27,RB,12,1,22,145,0,4,109,5.0,36,2,0,,26,21,177,4,8,26,1.2,151,7.2,1.5,0,,3,12,0,134.6,0,0,0.0,0,"0.0%",5,7,"71.4%",46,9.2,3,"50.0%",3,46,226.0,77.2,58,67,9
Jamycal Hasty,JAX,2022,26,RB,17,0,46,194,2,7,145,3.2,49,1,5,9,26,20,126,1,7,-3,-0.2,129,6.5,-1.1,4,5.0,3,12,0,99.2,8,15,1.9,1,"16.0%",1,1,"100.0%",9,9.0,0,"14.3%",1,24,999.0,70.0,61,81,20
Dare Ogunbowale,HOU,2022,28,RB,17,4,42,123,1,10,87,2.1,36,1,0,,26,20,104,0,5,-20,-1.0,124,6.2,-0.4,2,10.0,0,0,1,66.8,7,25,3.6,1,"10.9%",0,2,"0.0%",0,0.0,0,"10.5%",1,25,999.0,48.7,72,82,10
Miles Sanders,PHI,2022,25,RB,17,15,259,1269,11,62,837,3.2,432,2,13,19,26,20,78,0,2,-19,-1.0,97,4.9,0.9,2,10.0,2,8,0,78.7,44,134,3.0,10,"64.7%",0,0,"0%",0,0.0,0,"0.0%",10,134,84.5,216.7,15,30,15
Kenyan Drake,BAL,2022,28,RB,12,5,109,482,4,21,355,3.3,127,1,0,,26,17,89,1,7,-36,-2.1,125,7.4,-0.5,2,8.5,4,15,1,67.6,15,28,1.9,2,"28.8%",4,5,"80.0%",30,7.5,1,"62.5%",3,58,221.3,104.1,45,65,20
Tyler Allgeier,ATL,2022,22,RB,16,7,210,1035,3,53,609,2.9,426,2,5,42,17,16,139,1,8,-25,-1.6,164,10.3,-1.6,1,16.0,0,0,0,120.3,33,116,3.5,3,"39.8%",0,0,"0%",0,0.0,0,"0.0%",3,116,186.3,159.4,29,53,24
Joshua Kelley,LAC,2022,25,RB,13,1,69,287,2,16,165,2.4,122,2,4,17,25,14,101,0,4,13,0.9,88,6.3,1.9,0,,5,20,0,65.6,13,24,1.8,2,"19.7%",1,1,"100.0%",8,8.0,0,"3.6%",2,32,244.0,64.8,62,71,9
Zonovan Knight,NYJ,2022,21,RB,7,4,85,300,1,14,214,2.5,86,1,2,42,14,13,100,0,5,-32,-2.5,132,10.2,-2.1,3,4.3,0,0,0,96.4,9,25,2.8,1,"14.1%",2,2,"100.0%",9,4.5,0,"11.8%",1,34,999.0,59.0,66,84,18
Isiah Pacheco,KAN,2022,23,RB,17,11,170,830,5,37,537,3.2,293,2,4,42,14,13,130,0,7,-27,-2.1,157,12.1,-0.6,1,13.0,0,0,0,105.4,30,84,2.8,4,"47.6%",1,1,"100.0%",9,9.0,0,"4.5%",4,93,178.0,135.0,37,50,13
Justin Jackson,DET,2022,26,RB,16,0,42,170,1,8,90,2.1,80,2,3,14,19,12,101,1,7,-9,-0.8,110,9.2,1.0,1,12.0,3,16,0,94.4,5,27,5.4,1,"6.1%",3,4,"75.0%",19,6.3,1,"20.0%",2,46,999.0,51.1,70,87,17
Ty Johnson,NYJ,2022,25,RB,17,1,30,160,1,5,72,2.4,88,3,7,4,24,12,88,0,3,15,1.3,73,6.1,2.0,1,12.0,1,4,1,41.7,2,0,0.0,0,"3.1%",0,0,"0%",0,0.0,0,"0.0%",0,0,999.0,42.8,79,88,9
Jamaal Williams,DET,2022,27,RB,17,9,262,1066,17,65,626,2.4,440,2,13,20,16,12,73,0,4,8,0.7,65,5.4,1.8,2,6.0,3,19,0,83.6,53,104,2.0,14,"64.6%",2,2,"100.0%",5,2.5,0,"10.0%",14,109,170.0,225.9,13,49,36
Zack Moss,"2TM",2022,25,RB,13,3,93,456,1,18,263,2.8,193,2,8,11,13,11,39,0,2,-3,-0.3,42,3.8,-0.4,2,5.5,1,8,0,79.2,10,12,1.2,0,"17.2%",0,0,"0%",0,0.0,0,"0.0%",0,12,256.5,64.5,63,74,11
Raheem Blackshear,CAR,2022,23,RB,13,1,23,77,3,7,38,1.7,39,2,1,23,12,10,93,0,3,-12,-1.2,105,10.5,-1.8,1,10.0,1,8,1,64.2,5,19,3.8,3,"9.4%",1,1,"100.0%",0,0.0,0,"33.3%",3,19,999.0,43.0,78,89,11
Khalil Herbert,CHI,2022,24,RB,13,1,129,731,4,26,404,3.1,327,2,9,14,12,9,57,1,2,-24,-2.7,81,9.0,-2.4,0,,1,8,0,112.2,19,66,3.5,4,"32.2%",1,2,"50.0%",-2,-2.0,0,"40.0%",4,64,181.3,117.8,41,52,11
Malik Davis,DAL,2022,24,RB,12,0,38,161,1,6,119,3.1,42,1,2,19,7,6,63,0,5,-2,-0.3,65,10.8,-1.0,1,6.0,0,0,0,104.2,3,16,5.3,0,"4.6%",2,2,"100.0%",15,7.5,0,"15.4%",0,31,999.0,34.4,83,95,12
Gary Brightwell,NYG,2022,23,RB,17,0,31,141,1,9,82,2.6,59,2,1,31,8,5,39,0,4,4,0.8,35,7.0,0.9,1,5.0,0,0,0,74.5,4,7,1.8,1,"7.8%",2,2,"100.0%",18,9.0,0,"50.0%",1,25,999.0,29.0,87,99,12
D'Onta Foreman,CAR,2022,26,RB,17,9,203,914,5,45,505,2.5,409,2,10,20,9,5,26,0,1,-1,-0.2,27,5.4,-0.3,2,2.5,0,0,1,21.3,35,112,3.2,5,"66.0%",1,1,"100.0%",-4,-4.0,0,"33.3%",5,108,219.0,131.0,38,64,26
Tevin Coleman,SFO,2022,29,RB,5,0,12,26,1,2,13,1.1,13,1,0,,3,3,44,1,2,24,8.0,20,6.7,8.0,0,,0,0,0,158.3,4,3,0.8,1,"6.6%",1,1,"100.0%",9,9.0,1,"6.3%",2,12,999.0,22.0,94,106,12
Caleb Huntley,ATL,2022,24,RB,12,0,76,366,1,18,219,2.9,147,2,0,,2,2,3,0,0,-6,-3.0,9,4.5,-3.0,0,,0,0,0,79.2,20,91,4.6,1,"24.1%",0,0,"0%",0,0.0,0,"0.0%",1,91,999.0,44.9,75,110,35
Benny Snell,PIT,2022,24,RB,17,0,20,90,1,6,54,2.7,36,2,0,,2,2,17,0,1,-1,-0.5,18,9.0,-0.5,1,2.0,0,0,0,102.1,2,4,2.0,1,"4.0%",0,0,"0%",0,0.0,0,"0.0%",1,4,999.0,18.7,97,112,15
Salvon Ahmed,MIA,2022,24,RB,12,0,12,64,1,4,37,3.1,27,2,1,12,1,1,8,0,0,1,1.0,7,7.0,1.0,0,,0,0,0,100.0,2,16,8.0,1,"3.9%",0,0,"0%",0,0.0,0,"0.0%",1,16,999.0,14.2,102,114,12
Breece Hall,NYJ,2023,22,RB,17,16,223,994,5,40,500,2.0,494,2,19,12,95,76,591,4,28,-58,-0.8,649,8.0,-0.5,10,7.6,5,5,1,102.2,22,56,2.5,2,"62.9%",5,7,"71.4%",42,8.4,2,"63.6%",4,98,40.8,290.5,2,15,13
Alvin Kamara,NOR,2023,28,RB,13,12,180,694,5,42,411,2.0,283,2,7,26,86,75,466,1,23,-35,-0.5,501,6.0,0.1,9,8.3,2,2,0,93.1,38,122,3.2,5,"71.7%",8,8,"100.0%",47,5.9,1,"80.0%",6,169,61.5,233.0,11,21,10
Rachaad White,TAM,2023,24,RB,17,17,272,990,6,46,594,2.0,396,2,9,30,70,64,549,3,23,-62,-1.0,611,9.0,-0.5,8,8.0,2,3,0,113.6,37,88,2.4,6,"88.1%",7,8,"87.5%",38,5.4,0,"88.9%",6,126,65.5,267.9,4,25,21
Jaylen Warren,PIT,2023,25,RB,17,0,149,784,4,36,427,2.0,357,2,27,6,74,61,370,0,19,-116,-1.9,486,8.0,-1.6,7,8.7,5,7,0,87.5,18,71,3.9,3,"32.1%",5,5,"100.0%",16,3.2,0,"62.5%",3,87,162.8,196.4,22,45,23
Tyjae Spears,TEN,2023,22,RB,17,1,100,453,2,24,237,2.0,216,2,5,20,70,52,385,1,17,-75,-1.4,460,8.0,-0.2,8,6.5,1,1,1,85.7,10,34,3.4,1,"22.7%",3,6,"50.0%",12,4.0,0,"75.0%",1,46,207.7,153.8,34,58,24
Ezekiel Elliott,NWE,2023,28,RB,17,5,184,642,3,33,350,1.0,292,2,5,37,65,51,313,2,12,-61,-1.2,374,7.0,-0.6,8,6.4,2,3,0,97.0,22,47,2.1,3,"52.4%",3,5,"60.0%",32,10.7,2,"45.5%",5,79,134.8,174.5,30,39,9
James Cook,BUF,2023,24,RB,17,13,237,1122,2,53,640,2.0,482,2,8,30,54,44,445,4,16,47,1.1,398,9.0,2.5,7,6.3,6,11,0,125.7,29,86,3.0,1,"45.3%",4,6,"66.7%",32,8.0,3,"60.0%",4,118,71.3,232.7,12,26,14
Jerome Ford,CLE,2023,24,RB,17,12,204,813,4,33,446,2.0,367,2,26,8,63,44,319,5,16,15,0.3,304,6.0,0.5,4,11.0,9,14,0,107.8,16,24,1.5,3,"26.7%",5,6,"83.3%",32,6.4,3,"85.7%",6,56,222.0,211.2,16,62,46
Isiah Pacheco,KAN,2023,24,RB,14,13,205,935,7,53,550,2.0,385,2,15,14,49,44,244,2,12,-115,-2.6,359,8.0,-2.3,4,11.0,2,4,0,101.0,42,145,3.5,6,"80.8%",8,9,"88.9%",46,5.8,2,"50.0%",8,191,72.5,213.9,15,27,12
Chuba Hubbard,CAR,2023,24,RB,17,12,238,902,5,59,476,2.0,426,2,17,14,44,39,233,0,9,-36,-0.9,269,6.0,-0.8,5,7.8,1,2,1,79.3,36,86,2.4,5,"73.5%",0,1,"0.0%",0,0.0,0,"25.0%",5,86,206.0,182.5,27,57,30
D'Andre Swift,PHI,2023,24,RB,16,15,229,1049,5,50,642,2.0,407,2,21,11,49,39,214,1,8,-53,-1.4,267,6.0,0.6,2,19.5,1,2,1,83.2,38,123,3.2,5,"60.3%",5,5,"100.0%",21,4.2,1,"100.0%",6,144,74.3,199.3,20,29,9
Brian Robinson,WAS,2023,24,RB,15,15,178,733,5,47,387,2.0,346,2,16,11,43,36,368,4,15,-43,-1.2,411,11.0,-1.3,6,6.0,3,7,0,133.3,25,96,3.8,5,"59.5%",4,4,"100.0%",-2,-0.5,1,"44.4%",6,94,109.3,198.1,21,34,13
Kyren Williams,LAR,2023,23,RB,12,11,228,1144,12,62,685,3.0,459,2,23,10,48,32,206,3,9,-69,-2.2,275,8.0,0.2,1,32.0,4,8,1,87.7,55,218,4.0,11,"75.3%",5,13,"38.5%",22,4.4,3,"81.3%",14,240,193.0,255.0,7,53,46
Jaleel McLaughlin,DEN,2023,23,RB,17,3,76,410,1,16,240,3.0,170,2,4,19,36,31,160,2,5,-130,-4.2,290,9.0,-3.9,8,3.9,2,6,0,103.7,7,21,3.0,1,"11.9%",6,7,"85.7%",39,6.5,1,"50.0%",2,60,254.0,106.0,46,68,22
Devin Singletary,HOU,2023,26,RB,17,10,216,898,4,41,550,2.0,348,2,10,22,38,30,193,0,7,-24,-0.8,217,7.0,0.3,2,15.0,2,5,0,87.8,31,87,2.8,3,"51.7%",3,4,"75.0%",15,5.0,0,"44.4%",3,102,159.3,167.3,32,43,11
Justice Hill,BAL,2023,26,RB,16,5,84,387,3,19,267,3.0,120,1,9,9,39,28,206,1,8,-31,-1.1,237,8.0,0.6,4,7.0,2,5,0,92.5,24,69,2.9,3,"32.4%",2,2,"100.0%",22,11.0,1,"28.6%",4,91,999.0,109.3,44,80,36
De'Von Achane,MIA,2023,22,RB,11,4,103,800,8,30,484,4.0,316,3,13,8,37,27,197,3,10,-65,-2.4,262,9.0,0.7,3,9.0,0,0,0,112.1,23,98,4.3,5,"26.7%",5,6,"83.3%",33,6.6,3,"28.6%",8,131,136.8,190.7,24,41,17
Zack Moss,IND,2023,26,RB,14,8,183,794,5,43,449,2.0,345,2,4,46,37,27,192,2,10,3,0.1,189,7.0,-0.5,2,13.5,5,14,1,91.3,40,111,2.8,4,"49.4%",4,7,"57.1%",37,9.3,2,"58.3%",6,148,203.5,169.6,31,56,25
Raheem Mostert,MIA,2023,31,RB,15,15,209,1012,18,59,547,2.0,465,2,16,13,32,25,175,3,6,-38,-1.5,213,8.0,-0.6,6,4.2,1,3,1,107.7,47,163,3.5,16,"54.7%",6,6,"100.0%",36,6.0,3,"28.6%",19,199,135.0,267.7,5,40,35
Ty Chandler,MIN,2023,25,RB,17,4,102,461,3,20,279,2.0,182,2,3,34,25,21,159,0,7,-42,-2.0,201,9.0,-1.7,3,7.0,0,0,0,93.2,11,24,2.2,3,"26.8%",3,3,"100.0%",22,7.3,0,"18.8%",3,46,208.5,101.0,48,59,11
Emari Demercado,ARI,2023,24,RB,14,2,58,284,2,12,166,2.0,118,2,2,29,30,21,119,0,4,10,0.5,109,5.0,0.9,0,,3,10,0,76.9,3,19,6.3,1,"8.1%",0,1,"0.0%",0,0.0,0,"16.7%",1,19,999.0,73.3,57,81,24
Ameer Abdullah,LVR,2023,30,RB,17,0,15,89,0,6,49,3.0,40,3,1,15,24,19,131,0,4,43,2.3,88,4.0,2.3,2,9.5,0,0,2,54.7,0,0,0.0,0,"0.0%",1,2,"50.0%",1,1.0,0,"18.2%",0,1,999.0,41.0,73,82,9
Tyler Allgeier,ATL,2023,23,RB,17,3,186,683,4,39,320,1.0,363,2,15,12,23,18,193,1,6,-24,-1.3,217,12.0,-1.0,2,9.0,2,9,0,116.1,35,103,2.9,3,"53.8%",1,2,"50.0%",0,0.0,0,"14.3%",3,103,160.0,137.6,36,44,8
Rico Dowdle,DAL,2023,25,RB,16,0,89,361,2,17,188,2.0,173,2,5,18,22,17,144,2,6,-26,-1.5,170,10.0,-0.5,2,8.5,3,14,0,124.1,15,34,2.3,2,"19.0%",3,4,"75.0%",28,9.3,2,"26.7%",4,62,271.0,91.5,50,71,21
Latavius Murray,BUF,2023,33,RB,16,4,79,300,4,27,174,2.0,126,2,3,26,22,17,119,0,7,27,1.6,92,5.0,1.5,2,8.5,3,14,0,89.0,20,41,2.1,4,"31.3%",3,3,"100.0%",10,3.3,0,"30.0%",4,51,234.5,82.9,54,65,11
Salvon Ahmed,MIA,2023,25,RB,8,0,22,61,1,3,18,0.0,43,2,2,11,23,16,88,1,4,-21,-1.3,109,6.0,0.6,2,8.0,0,0,1,72.4,6,21,3.5,1,"7.0%",5,5,"100.0%",33,6.6,1,"23.8%",2,54,999.0,42.9,70,83,13
David Montgomery,DET,2023,26,RB,14,14,219,1015,13,59,511,2.0,504,2,17,13,24,16,117,0,7,-32,-2.0,149,9.0,-0.8,3,5.3,2,8,1,60.6,51,145,2.8,10,"54.3%",1,1,"100.0%",-7,-7.0,0,"12.5%",10,138,86.0,207.2,17,30,13
Kareem Hunt,CLE,2023,28,RB,15,2,135,411,9,38,236,1.0,175,1,2,68,21,15,84,0,5,-14,-0.9,98,6.0,-0.3,0,,1,5,0,78.3,35,85,2.4,9,"58.3%",1,1,"100.0%",3,3.0,0,"14.3%",9,88,212.5,118.5,41,61,20
Gus Edwards,BAL,2023,28,RB,17,9,198,810,13,49,448,2.0,362,2,12,16,13,12,180,0,5,35,2.9,145,12.0,2.5,0,,0,0,0,118.7,39,101,2.6,13,"52.7%",0,0,"0%",0,0.0,0,"0.0%",13,101,223.5,187.0,25,64,39
Darrell Henderson,LAR,2023,26,RB,4,4,46,112,2,5,45,1.0,67,2,1,46,14,10,103,0,3,-31,-3.1,134,13.0,-0.6,0,,2,14,0,92.3,5,9,1.8,2,"6.8%",2,3,"66.7%",8,4.0,0,"18.8%",2,17,999.0,43.5,69,85,16
Keaton Mitchell,BAL,2023,21,RB,8,2,47,396,2,19,238,5.0,158,3,7,7,11,9,93,0,5,-29,-3.2,122,13.0,-0.2,0,,1,9,0,101.9,4,2,0.5,0,"5.4%",0,1,"0.0%",0,0.0,0,"14.3%",0,2,999.0,69.9,59,86,27
Ty Johnson,BUF,2023,26,RB,10,0,30,132,0,8,68,2.0,64,2,1,30,7,7,62,1,2,2,0.3,60,8.0,0.3,1,7.0,0,0,0,143.2,5,10,2.0,0,"7.8%",1,1,"100.0%",-1,-1.0,0,"10.0%",0,9,999.0,32.4,78,88,10
Tony Jones,"2TM",2023,26,RB,7,1,26,95,2,7,56,2.0,39,2,1,26,10,7,37,0,1,-7,-1.0,44,6.0,-1.8,0,,1,10,0,75.8,5,10,2.0,2,"9.4%",0,1,"0.0%",0,0.0,0,"10.0%",2,10,999.0,32.2,79,89,10
Craig Reynolds,DET,2023,27,RB,17,0,41,179,1,11,104,2.0,75,2,1,41,5,5,47,0,2,-12,-2.4,59,11.0,-2.4,0,,0,0,0,105.8,7,23,3.3,1,"7.4%",0,0,"0%",0,0.0,0,"0.0%",1,23,999.0,29.6,82,96,14
Kevin Harris,NWE,2023,23,RB,4,0,16,65,1,2,11,0.0,54,3,1,16,3,3,58,0,2,-1,-0.3,59,19.0,-0.3,0,,0,0,0,118.7,1,18,18.0,1,"2.4%",0,0,"0%",0,0.0,0,"0.0%",1,18,999.0,21.3,85,98,13
Jordan Mason,SFO,2023,24,RB,17,0,40,206,3,13,110,2.0,96,2,3,13,4,3,31,0,1,8,2.7,23,7.0,3.0,1,3.0,0,0,0,96.9,5,17,3.4,2,"6.2%",0,0,"0%",0,0.0,0,"0.0%",2,17,418.0,44.7,68,79,11
Trey Sermon,IND,2023,24,RB,14,0,35,160,0,7,61,1.0,99,3,4,9,6,3,13,0,0,7,2.3,6,2.0,1.8,0,,3,50,0,56.2,2,4,2.0,0,"2.5%",0,0,"0%",0,0.0,0,"0.0%",0,4,999.0,20.3,86,99,13
Chris Rodriguez,WAS,2023,23,RB,13,0,51,247,2,14,123,2.0,124,2,5,10,2,2,12,0,1,-7,-3.5,19,9.0,-3.5,0,,0,0,0,91.7,7,18,2.6,2,"16.7%",0,0,"0%",0,0.0,0,"0.0%",2,18,999.0,37.9,75,101,26
Royce Freeman,LAR,2023,27,RB,14,0,77,319,2,17,180,2.0,139,2,8,10,2,1,13,0,1,-1,-1.0,14,14.0,0.0,0,,0,0,0,70.8,13,33,2.5,1,"17.8%",0,0,"0%",0,0.0,0,"0.0%",1,33,999.0,46.2,67,103,36
